-- MySQL dump 10.13  Distrib 8.0.12, for Win64 (x86_64)
--
-- Host: localhost    Database: nodeexpress
-- ------------------------------------------------------
-- Server version	8.0.11

/*!40101 SET @OLD_CHARACTER_SET_CLIENT=@@CHARACTER_SET_CLIENT */;
/*!40101 SET @OLD_CHARACTER_SET_RESULTS=@@CHARACTER_SET_RESULTS */;
/*!40101 SET @OLD_COLLATION_CONNECTION=@@COLLATION_CONNECTION */;
 SET NAMES utf8 ;
/*!40103 SET @OLD_TIME_ZONE=@@TIME_ZONE */;
/*!40103 SET TIME_ZONE='+00:00' */;
/*!40014 SET @OLD_UNIQUE_CHECKS=@@UNIQUE_CHECKS, UNIQUE_CHECKS=0 */;
/*!40014 SET @OLD_FOREIGN_KEY_CHECKS=@@FOREIGN_KEY_CHECKS, FOREIGN_KEY_CHECKS=0 */;
/*!40101 SET @OLD_SQL_MODE=@@SQL_MODE, SQL_MODE='NO_AUTO_VALUE_ON_ZERO' */;
/*!40111 SET @OLD_SQL_NOTES=@@SQL_NOTES, SQL_NOTES=0 */;

--
-- Table structure for table `author`
--

DROP TABLE IF EXISTS `author`;
/*!40101 SET @saved_cs_client     = @@character_set_client */;
 SET character_set_client = utf8mb4 ;
CREATE TABLE `author` (
  `authorId` int(45) NOT NULL AUTO_INCREMENT,
  `authorName` varchar(45) NOT NULL,
  PRIMARY KEY (`authorId`),
  UNIQUE KEY `authorId_UNIQUE` (`authorId`),
  UNIQUE KEY `authorName_UNIQUE` (`authorName`)
) ENGINE=InnoDB AUTO_INCREMENT=20215561 DEFAULT CHARSET=utf8;
/*!40101 SET character_set_client = @saved_cs_client */;

--
-- Dumping data for table `author`
--

LOCK TABLES `author` WRITE;
/*!40000 ALTER TABLE `author` DISABLE KEYS */;
INSERT INTO `author` VALUES (20212702,'1三世春秋'),(20213962,'2070风轻'),(20213724,'24k纯暧昧'),(20211395,'40K'),(20213218,'7Seven'),(20209714,'8难'),(20215089,'900528'),(20204598,'90后村长'),(20215374,'92灵魂'),(20209791,'A23187'),(20214945,'Alex郑'),(20211355,'Boxbox'),(20202262,'Deathstate'),(20201989,'Deity冷猫'),(20215270,'domoto1987'),(20200990,'EK巧克力'),(20214722,'G330室长'),(20211177,'GX欣'),(20214673,'jae~love'),(20202632,'k同学'),(20202077,'LBJ23'),(20215237,'licky_芥末'),(20212723,'liuyohu'),(20215117,'Lok-tarogar'),(20214732,'love小七'),(20203491,'l幻l'),(20212639,'L满秋'),(20215282,'l蓝逸影'),(20215379,'miss_苏'),(20209046,'Mr佳男'),(20212405,'Mr君郡'),(20213671,'NewAlice紫罗兰'),(20210145,'NPC棋子'),(20215207,'NTR骑士'),(20210113,'pj小贱'),(20211332,'Raynorchen'),(20213540,'shenshuo要有光'),(20215166,'S亲王'),(20214660,'trace'),(20209116,'Vision'),(20201967,'xianlihou'),(20201256,'xiao少爷'),(20214808,'yoke'),(20213667,'yzmb'),(20208246,'zhttty'),(20211372,'ZY兄'),(20211211,'—方无'),(20202349,'一丈僧'),(20209121,'一世书'),(20203430,'一丝不苟'),(20204601,'一介白衣'),(20211337,'一切皆有可能发生'),(20201583,'一剑清新'),(20202500,'一剑清鸣'),(20209152,'一剑西楼'),(20213045,'一匹天青布'),(20207427,'一千克拉'),(20202857,'一只猫哟'),(20209328,'一只红莲'),(20201029,'一叶青天'),(20203682,'一号方丈'),(20215044,'一名军师'),(20211278,'一品小楼'),(20202079,'一土成二木'),(20202126,'一壶酒'),(20201227,'一夕烟雨'),(20215397,'一夜当归'),(20212749,'一尘一天地'),(20201103,'一心向阳'),(20201531,'一念乱天机'),(20201564,'一念汪洋'),(20209859,'一念汪洋(书馆)'),(20209544,'一念长空'),(20211271,'一执迷不悔一'),(20208981,'一摊西红柿'),(20202427,'一撕生鸡'),(20203432,'一日江火'),(20215191,'一景之月'),(20209331,'一曲勾歌诀尘衣1'),(20215390,'一条尾巴'),(20209739,'一条废柴'),(20215294,'一杯凉温水'),(20209489,'一样的夏天'),(20201557,'一梦几千秋'),(20210950,'一梦如是蓝田玉'),(20212736,'一毛儿'),(20202150,'一江秋月'),(20207417,'一片青叶'),(20202683,'一白再白'),(20209031,'一百步笑五十步'),(20203423,'一笔烟云'),(20214639,'一纸残书'),(20215482,'一织'),(20204615,'一行白鹭上青天'),(20214773,'一起成功'),(20202163,'一路向前'),(20214057,'一陈旧人'),(20210959,'一难'),(20201798,'一颗'),(20210751,'一骑绝尘'),(20210985,'一骑绝尘_塔读文学网'),(20201361,'丁小白(书坊)'),(20215378,'七个半馒头'),(20201574,'七个死小孩'),(20201529,'七伤剑气'),(20215210,'七匹孤狼'),(20201009,'七十二编'),(20211279,'七半仙星斗'),(20206727,'七夜第一'),(20210134,'七尺书生'),(20201117,'七尺青锋剑'),(20215131,'七弦'),(20204610,'七斤九钱'),(20211268,'七曜少'),(20209776,'七月七'),(20201797,'七月残血'),(20201957,'七月火'),(20201369,'七月红'),(20209305,'七月锦葵'),(20203528,'七月雪仙人'),(20209433,'七芷白'),(20201141,'七贝勒'),(20214800,'七麒'),(20202147,'万三千(书坊)'),(20214748,'万乘北宸'),(20201566,'万剑灵'),(20209278,'万剑苍穹'),(20215221,'万千风华'),(20201014,'万古青莲'),(20214742,'万方辟易'),(20201799,'万里烟火'),(20201962,'万鸣'),(20215019,'三七开'),(20215183,'三世烟火'),(20211239,'三两六斤'),(20209276,'三个正'),(20215010,'三个马甲'),(20203442,'三九赏雪'),(20209075,'三佑鱼生'),(20209599,'三十二变'),(20201465,'三十六亿煞气'),(20209235,'三十六天'),(20209754,'三十岁那年'),(20203638,'三千叶落'),(20215133,'三国阿飞'),(20215436,'三圆钱'),(20213912,'三墨'),(20210937,'三寸烟火'),(20211476,'三尸神暴跳_书海'),(20202051,'三廿腊五'),(20205178,'三月严寒'),(20210908,'三月安然'),(20202425,'三月花'),(20209492,'三条猫'),(20202363,'三杯不倒'),(20211828,'三梦蝼蚁书'),(20202421,'三森天蚕'),(20202865,'三生万物'),(20211327,'三生石3'),(20211044,'三生绝唱'),(20214793,'三疯妖孽'),(20202063,'三祖寺方丈'),(20201806,'三秒记忆'),(20213780,'三角田七'),(20211274,'上官十三'),(20215174,'上帝不在天堂'),(20209765,'上帝遗弃的幻影'),(20201820,'上江君'),(20212680,'下界小妖'),(20202354,'不二门'),(20210138,'不以木为剑'),(20201332,'不信邪'),(20206538,'不冷的天堂'),(20201439,'不可沽名学霸王'),(20210733,'不吃西瓜皮'),(20210952,'不在线'),(20215396,'不好吃的节操'),(20211350,'不妖君'),(20213207,'不娘青年'),(20215287,'不存在的曜日'),(20214904,'不带电'),(20203535,'不成神'),(20212671,'不摇碧莲'),(20202068,'不易86'),(20202306,'不朽皇帝'),(20202447,'不死小鱼'),(20202658,'不游泳之鱼'),(20210944,'不游泳的小鱼'),(20207768,'不灭的烟头'),(20202155,'不爱吃肉'),(20208991,'不穿脚的鞋'),(20215355,'不要再长胖'),(20202357,'不见桑梓'),(20201425,'不言小佛'),(20210984,'不语繁华_塔读文学网'),(20211267,'不负美食'),(20205006,'不败小生'),(20202200,'与天论道'),(20209291,'与沫'),(20213547,'丑丐'),(20215386,'专业围观'),(20215168,'且听沧海'),(20201473,'世南言'),(20204145,'世界十指间'),(20202124,'世界晴'),(20211348,'世间多闲人'),(20215377,'丘八子'),(20213029,'丘舒'),(20202335,'丙己戈'),(20210097,'东一方'),(20213043,'东东草'),(20214275,'东临九州'),(20201865,'东人'),(20215015,'东北混哥'),(20211472,'东升西月'),(20207430,'东南红中'),(20200975,'东城令'),(20209345,'东山愚公'),(20202681,'东方不悔'),(20211201,'东方白'),(20209487,'东方皎月'),(20209771,'东方神狗'),(20214303,'东方自在'),(20214315,'东方飞鹤'),(20202122,'东昕512'),(20211431,'东晖'),(20202148,'东望野'),(20208971,'东港青年'),(20203600,'东神少柿天'),(20204206,'东门不庆'),(20202729,'东风化语'),(20215242,'丝光流年'),(20201102,'丝瓜爱吃菠萝'),(20214876,'丢失'),(20201777,'丢袋'),(20200979,'两处闲愁'),(20201044,'中下马笃'),(20210972,'中二兵'),(20213915,'中二长老'),(20209712,'中原的人'),(20203635,'中原第一高手'),(20212632,'中国剑歌'),(20201159,'中式围观'),(20203479,'丰居'),(20211062,'丰歌'),(20214688,'临河羡鱼翁'),(20203508,'临海狸猫'),(20202011,'临渊'),(20209270,'丶浊浪东流'),(20213546,'丸叶果果'),(20201351,'丹凤眸子'),(20212666,'丹晨本尊'),(20201825,'丹琪天下'),(20203681,'丹白'),(20203610,'丹白(书坊)'),(20201420,'为尹染墨红尘'),(20213931,'为溪伴桥'),(20209030,'主角总是邪恶的'),(20201273,'么么'),(20203533,'之忧(书坊)'),(20201251,'乌山云雨'),(20202451,'乌鸦的马甲'),(20201283,'乌龟战王八'),(20202229,'乐乐山人'),(20202719,'乐和'),(20202703,'乐天知名'),(20215349,'乐妈'),(20210936,'乔子轩'),(20209817,'乔陛'),(20214664,'乔麦'),(20202178,'乖乖冰'),(20201408,'乘风御剑'),(20211110,'乘龙九霄'),(20201876,'乙一乙'),(20209096,'九世天阳'),(20201543,'九代火影'),(20210359,'九华闲人_红杉万橡'),(20202347,'九叶门明歌'),(20211002,'九品小黄瓜'),(20201911,'九品绿豆官'),(20201097,'九哼'),(20214662,'九太岁'),(20202436,'九孔'),(20201345,'九州方圆02'),(20201093,'九当家'),(20203679,'九摇'),(20211212,'九昧真火'),(20209273,'九曲懒仙.CS'),(20212888,'九曲懒仙c'),(20211280,'九曲懒仙s'),(20209773,'九月枫红'),(20209481,'九木三森'),(20213721,'九歌城主'),(20201549,'九狂'),(20211256,'九猫'),(20201947,'九翅乌鸦'),(20214865,'九蚊虫'),(20213022,'九行天'),(20209755,'九金天辰'),(20202246,'九门偍督'),(20202946,'九闲'),(20201990,'九阳真仙'),(20201149,'九零后狼少'),(20214634,'九鱼'),(20213212,'书生王小凉'),(20202253,'书董'),(20215032,'书道难'),(20212157,'书非书'),(20203672,'书香莫语'),(20201203,'乱(书坊)'),(20201266,'乱世狂刀'),(20204208,'乱世狂刀01'),(20210152,'乱世狂歌'),(20210151,'乱点神州'),(20202332,'乱花迷人'),(20211187,'乱鬼'),(20209763,'乾坤泰子'),(20201580,'乾多多'),(20212726,'乾拾'),(20209234,'二十六点'),(20206555,'二十四桥明月夜'),(20213419,'二十年麒麟臂'),(20213532,'二月二十八日'),(20209223,'二次方狗'),(20214905,'二炮大队'),(20209768,'于小北'),(20209097,'于诺'),(20209740,'于默楠'),(20209283,'云七七'),(20213229,'云上舞'),(20205243,'云中散步'),(20215177,'云中谁寄'),(20202170,'云外绯想天'),(20207774,'云山望岳'),(20215457,'云山雾绕'),(20209476,'云开天光彻'),(20201083,'云梦大领主'),(20215347,'云沁'),(20201404,'云泪天雨'),(20214695,'云潮'),(20202712,'云端'),(20214894,'云芨'),(20215241,'云轻漾'),(20213512,'云雨南'),(20203473,'云霆飞'),(20213017,'云韬'),(20203680,'五十七五七'),(20201905,'五尘'),(20214941,'五志'),(20203685,'五方浩风'),(20214827,'五方行尽'),(20209803,'五月七日'),(20209005,'五月初旬'),(20201155,'五王子1'),(20202413,'五花牛'),(20209612,'五行天'),(20203439,'五谷道长'),(20203643,'亘古孤寂2'),(20203410,'亚舍罗'),(20209086,'亡羊破天'),(20214860,'交收'),(20209325,'亦含笑'),(20212397,'亦星凌'),(20212607,'亦歌生'),(20202143,'京城浪子'),(20201942,'京城浪子1'),(20213913,'人山道'),(20209049,'人怜众神'),(20211860,'人族圣皇'),(20209471,'人海迷途'),(20203524,'人生低谷'),(20201927,'人真难'),(20209313,'人醉方知酒浓'),(20210960,'什么也别说'),(20209453,'今希'),(20202411,'今晚吃鱼翅'),(20202609,'今晚打酱油'),(20211469,'今白夜'),(20203696,'仗剑修真'),(20209608,'付伦如'),(20210969,'仙之琉璃'),(20211364,'仙侠'),(20201555,'仙凰'),(20201773,'仙子不语'),(20211039,'仙幻云痕'),(20201383,'仙武大圣'),(20205982,'仙神天下柚'),(20201111,'仙草小白'),(20210956,'仟回'),(20202352,'以惰七少'),(20211258,'仰天佛'),(20201140,'仲星羽'),(20209698,'任九天'),(20208259,'任怨'),(20211259,'伊凰'),(20201973,'伊绮'),(20212643,'优优芭比'),(20210999,'会奔跑的鱼'),(20215224,'会跳舞的胡萝卜'),(20203854,'会飞的小迁'),(20201484,'伟岸蟑螂'),(20209099,'伪小哥'),(20214978,'伯拉土x'),(20214316,'伯格'),(20211037,'伯符'),(20201981,'似雪A流年'),(20215552,'伽利省略'),(20214644,'低空'),(20210129,'低调哥'),(20208986,'低调的666'),(20209719,'低调颓废'),(20213539,'佐子月'),(20203649,'何不语'),(20206554,'何为霸道'),(20209063,'何以琛'),(20209769,'何兮'),(20201508,'何处不染尘'),(20201095,'何无恨'),(20214829,'何昊远'),(20209125,'余零'),(20212739,'佛浮屠'),(20202503,'你才到碗里去'),(20203427,'你若想起01'),(20202322,'你要卡宴'),(20202179,'侃哥'),(20215309,'依何'),(20215351,'依依兰兮'),(20203691,'侠扯蛋'),(20210946,'侠骨琴心'),(20203483,'侯门女婿'),(20214784,'俊秀才'),(20212668,'俞钧文'),(20201113,'信仰丶太上'),(20201938,'信仰封神'),(20203500,'信仰飞跃'),(20212647,'信史'),(20203477,'修弦'),(20202339,'修罗夜'),(20214902,'修身'),(20206553,'修道罗天'),(20215286,'俯视的大馆主'),(20206399,'倒霉熊'),(20202249,'倒骑青牛'),(20209205,'倚天狂'),(20214133,'倚槛听风'),(20202153,'倦听流水'),(20209432,'倾书邪'),(20213665,'倾云之恋'),(20211362,'倾吾之心'),(20201850,'偏爱吃肉'),(20206546,'做梦的狐狸'),(20202639,'偷东西的梨'),(20215416,'偷天幻日月'),(20201016,'傅啸尘'),(20214300,'傥棠'),(20214651,'储王'),(20201154,'傲天无痕'),(20201821,'傲无常'),(20201257,'傲月长空'),(20212642,'傻傻的萝卜'),(20215208,'傻小四'),(20209540,'傻猫爱上鱼'),(20210324,'像龙的泥鳅'),(20209151,'僵尸道'),(20215383,'兀兀'),(20202053,'允熙米儿'),(20213926,'元俗'),(20214676,'元子一沙'),(20208962,'先知大米'),(20211838,'光头兄弟'),(20209423,'光头林'),(20213922,'光影斑驳'),(20202702,'光暗天平'),(20211241,'克拉帝斯'),(20211982,'免费的午餐'),(20202706,'兑酒當歌'),(20213676,'兔子小莳'),(20214734,'兔来割草'),(20207773,'兜里有粒米'),(20203683,'兜里有粒糖'),(20202741,'全真道士梁兴扬'),(20203541,'八两七钱'),(20204130,'八两烧刀子'),(20214710,'八公主的毒苹果'),(20200962,'八月飞鹰'),(20210737,'八百里'),(20202279,'八索'),(20209255,'八翼黑朱雀'),(20213475,'八荒剑生'),(20212823,'八里桃花'),(20211827,'公子书羽'),(20202061,'公子寞潇'),(20209789,'公子清言'),(20212398,'公子长生'),(20214814,'六划先生'),(20209344,'六只熊'),(20210147,'六度非命'),(20202950,'六时明亮'),(20215421,'六月烦恼风'),(20211839,'六海白龙'),(20202100,'六班掌门'),(20202151,'六界三道'),(20209720,'六虚剑魂'),(20209053,'六角糕'),(20202629,'六道'),(20201082,'六道沉沦'),(20212400,'兰子龙'),(20209762,'兰岚'),(20201758,'兰帝魅晨'),(20215488,'兰心若璃'),(20211471,'兰方宇'),(20211837,'兲萇哋玖'),(20211244,'关嘲'),(20215338,'兴语'),(20205247,'兴霸天'),(20209436,'兵家无常'),(20213533,'兵库北番长'),(20213765,'兵心一片'),(20212656,'养精蓄锐yaking'),(20208937,'再一次'),(20201335,'冒牌队长'),(20207394,'写出本色'),(20201750,'写字板'),(20202071,'农夫一拳'),(20202348,'农民蜀黍'),(20213478,'冥之守望者'),(20202320,'冥冬风月'),(20209120,'冥日幽风'),(20215464,'冬寒雪'),(20201727,'冬日之阳'),(20212819,'冬麦冬'),(20209307,'冯布斯'),(20201506,'冰冰的雪天'),(20213044,'冰凌星子'),(20214884,'冰在心'),(20202195,'冰墙'),(20209289,'冰晶森林'),(20215560,'冰水仙'),(20210997,'冰清玉娴_飞卢'),(20211284,'冰火馒头'),(20206393,'冰矿泉'),(20202225,'冰花莫然'),(20202261,'冰蓝达'),(20213538,'冰道'),(20212613,'冰镇的可乐'),(20213011,'冲天虎'),(20209772,'冷出尘'),(20202301,'冷剑'),(20206728,'冷得像风'),(20212719,'冷石'),(20211067,'冷菜不是菜'),(20214787,'冷轩长风'),(20215279,'冷酷社会'),(20215086,'冷雪冰川'),(20209427,'净无天'),(20201032,'净无痕'),(20201290,'凌乱的小道'),(20214751,'凌云无忌'),(20202668,'凌云然'),(20202671,'凌云阁七少'),(20210971,'凌天旭日'),(20213551,'凌小锋'),(20201878,'凌无声'),(20215088,'凌更新'),(20209848,'凌月白'),(20201307,'减肥专家'),(20201516,'凛冬之哀'),(20215238,'凝眸七弦伤'),(20208928,'凝视黑暗'),(20209469,'凝香纸墨'),(20214995,'凡人哟'),(20215299,'凡心火'),(20203421,'凡炎'),(20214667,'凤三九'),(20209041,'凤初'),(20213224,'凤炎懿'),(20215268,'凤萧吟'),(20209760,'凤飞独舞'),(20201982,'凭空想象'),(20211203,'凭锋一剑'),(20201941,'凸透神瑛'),(20201030,'凿砚'),(20203636,'刀不落'),(20209150,'刀尖上的虫脚'),(20201259,'刀落'),(20202536,'刀锋之下'),(20214929,'刀锋间影'),(20201753,'刀飞扬'),(20201358,'分明'),(20202086,'刑天战神'),(20201966,'刘争阳'),(20215179,'刘家长子'),(20202866,'刘斌'),(20213784,'刘晓坤'),(20206563,'刘看山'),(20201096,'刚大木'),(20202214,'创'),(20209076,'初五'),(20213783,'初夏雨天'),(20202718,'初始焰'),(20215494,'初心'),(20202002,'别碰我的鱼'),(20215441,'刺龙'),(20201226,'刻羽'),(20211171,'前任天蓬元帅'),(20209816,'前兆领袖'),(20214868,'剑上独觉'),(20214279,'剑南飞'),(20210126,'剑君十二'),(20201906,'剑意墨江南_掌阅'),(20201527,'剑扼虚空'),(20200982,'剑棕'),(20211257,'剑横天下'),(20203433,'剑气'),(20201135,'剑气凌天'),(20201380,'剑清扬'),(20201577,'剑游太墟'),(20200956,'剑游太虚'),(20211985,'剑熊'),(20202172,'剑破万界'),(20211326,'剑神皇王玄元'),(20209749,'剑翼zj'),(20204203,'剑舞秀'),(20215076,'剑若生'),(20204515,'剑语律'),(20209441,'剑走偏锋'),(20212404,'剑逝'),(20202628,'剑道四十九'),(20209426,'剑阁陈缘'),(20213222,'剑青藤'),(20215240,'剪短离殇'),(20214918,'加盐苏打水'),(20205249,'努力爬树的猪'),(20215432,'勇敢的号角'),(20215173,'勤奋的豆子'),(20209048,'勿小贱'),(20209047,'勿明'),(20209495,'匀音早西'),(20214759,'匂宮出夢'),(20202700,'包子特工'),(20201292,'包租东'),(20202334,'化十'),(20215389,'化灵'),(20211285,'化碟飞'),(20215545,'化蝶飞沧舟'),(20210315,'北冥之北'),(20202258,'北冥神鲲'),(20213670,'北城月色'),(20210942,'北堂01'),(20212389,'北宫剑'),(20202678,'北指'),(20213729,'北方棲姬'),(20203435,'北桉'),(20202369,'北泉南鱼'),(20210109,'北纬37度'),(20215550,'北辰若殇'),(20201837,'北门十三'),(20209787,'匪兵兵'),(20202222,'匿明'),(20201262,'十T'),(20201814,'十一刀'),(20202192,'十一跃'),(20201868,'十万豆浆'),(20211213,'十三太子'),(20214642,'十三月微笑'),(20209697,'十三菩提'),(20203426,'十两桃花'),(20201917,'十九层深渊'),(20209443,'十二兆'),(20215452,'十二月的夏'),(20200999,'十二翼黑暗炽天使'),(20201781,'十二龙骑'),(20211432,'十六邑'),(20213516,'十只柠檬'),(20209253,'十月茶果'),(20213963,'十步一行'),(20201006,'十步行'),(20202615,'十里坡'),(20201374,'十阶浮屠'),(20201133,'千-百-度'),(20214485,'千万千万千千万'),(20203536,'千佛说'),(20215217,'千依颂'),(20213749,'千千嫣梦'),(20210120,'千叶汀语'),(20201268,'千寻月'),(20201813,'千寻洛洛'),(20206542,'千山茶客'),(20212429,'千岁龟'),(20215248,'千岸'),(20214116,'千年不换'),(20204148,'千斤顶'),(20210135,'千易'),(20213725,'千朔'),(20215311,'千本樱景严'),(20215094,'千柴'),(20204141,'千里牧尘'),(20201909,'千骑绝尘'),(20201997,'千骑绝尘_酷匠网'),(20209327,'午夜冥魂'),(20209092,'午安'),(20208944,'半勺咖啡'),(20213739,'半卷湘帘'),(20209277,'半只菜鸟'),(20202855,'半块铜板'),(20209800,'半夏花'),(20202744,'半天妖'),(20215406,'半枝莲'),(20201179,'半步沧桑'),(20209464,'半步车'),(20212611,'半生独殇01'),(20213747,'半知先生'),(20201769,'半醉游子'),(20209799,'华夏僵尸'),(20214900,'华晓鸥'),(20215272,'华清引'),(20200987,'华表'),(20206392,'华青城'),(20211073,'卑微的云龙'),(20212427,'卓牧闲'),(20202402,'单纯宅男'),(20214655,'单纯的流氓兔'),(20202424,'卖书小生'),(20202623,'卖牛皮了'),(20209546,'卖饼的二郎'),(20202662,'南国殇'),(20211254,'南天桥'),(20204277,'南宋馒头'),(20213646,'南宫凝夜'),(20208935,'南宫吟'),(20209428,'南山望月'),(20201279,'南州十一郎'),(20214832,'南无袈裟理科佛'),(20211109,'南极光芒'),(20201276,'南极坡'),(20213006,'南柯一少'),(20208985,'南皇'),(20215170,'南阳大火'),(20211060,'卜二爷'),(20211078,'卜思追梦'),(20213921,'卡兰妈妈'),(20209602,'卡士大帝'),(20211108,'卡士大帝(书坊)'),(20213021,'印小祯'),(20215370,'卷发碎花'),(20200995,'卷土'),(20201871,'卷风'),(20215375,'卿筱'),(20213653,'历十三'),(20211080,'历史道标'),(20215433,'厉家大叔'),(20201207,'厌笔萧生'),(20201900,'厚黑旳小白'),(20209343,'原始部落'),(20215517,'原山主人'),(20210732,'原木森林'),(20202968,'原来缘生'),(20211224,'原汁化原食'),(20201933,'叁生缘猫猫'),(20202408,'双层吉士汉堡'),(20203437,'双木不是林'),(20211026,'发飙的小牛'),(20200965,'发飙的蜗牛'),(20209284,'受戒人'),(20209023,'变异大西瓜'),(20210372,'口异天'),(20213034,'口昌山哥欠'),(20214629,'口水流满地'),(20213541,'古依灵'),(20201375,'古剑锋'),(20210330,'古城烟雨'),(20201921,'古城黄'),(20214674,'古心儿'),(20202029,'古暴君'),(20213661,'古月弓'),(20212618,'古月文刀'),(20206537,'古栋'),(20202711,'古清风本尊'),(20203540,'古纯阳'),(20212655,'古羲'),(20202454,'古街深巷'),(20210122,'古轩子'),(20203631,'古道之'),(20204207,'古道西风凉'),(20202210,'只想耍帅'),(20205063,'只是小虾米'),(20202368,'叫天'),(20214736,'叫我华生'),(20214312,'叫我妖神大人'),(20202648,'召唤神'),(20212597,'可乐不要冰'),(20215146,'可乐冰淇淋'),(20201934,'可乐红酒'),(20201258,'可大可小'),(20201078,'可爱内内'),(20202915,'可笑书仙'),(20202932,'叱咤斗玉'),(20202951,'史珍香'),(20202731,'史镜'),(20201828,'右师尔幞'),(20213731,'右手的烦恼'),(20201000,'叶之凡'),(20215160,'叶仙冥'),(20210967,'叶夕秋'),(20201401,'叶天南'),(20209808,'叶天穹'),(20201477,'叶奇'),(20212634,'叶孤乘'),(20209231,'叶深情'),(20202641,'叶潇叶'),(20201101,'叶落流年'),(20212394,'叹辞'),(20211345,'吃个大西瓜'),(20211247,'吃喝仙人'),(20209126,'吃小孩啦'),(20214687,'吃菠萝啃皮'),(20214132,'吉尔吉加'),(20213523,'吉屎'),(20201974,'吉拉奇'),(20203504,'吊翻天'),(20215192,'同君醉'),(20201843,'名之天下'),(20203486,'名剑十九'),(20208955,'名岂文章著'),(20212698,'名留青史'),(20201863,'吐舌头的懒猫'),(20213030,'向勤奋'),(20202407,'向小树.CS'),(20209203,'吒祖'),(20212624,'吒祖.QD'),(20202093,'吕家先生'),(20212433,'吕家四少'),(20213530,'吚哇伊'),(20213782,'君临北方'),(20211341,'君临如山倒'),(20207433,'君临诸天'),(20211255,'君凌飞'),(20211013,'君君小舍'),(20201409,'君天帝'),(20203484,'君如荼'),(20210329,'君子惜别'),(20215200,'君子毅'),(20202394,'君无雪'),(20213008,'君羽陌'),(20205245,'君若欢'),(20202202,'君莫惜'),(20200963,'君落花'),(20211007,'君霖天下'),(20201822,'吞吞史莱姆'),(20202213,'含叶二笑'),(20209114,'听一夏'),(20210731,'听雨问剑'),(20214243,'吴千语'),(20201704,'吴杰超'),(20215353,'吴笑笑'),(20201064,'吴纯纯'),(20215449,'吴铭释'),(20201804,'吹牛比'),(20210987,'吹牛王_塔读文学网'),(20213719,'吻天的狼'),(20210362,'吾名独孤'),(20215124,'吾心彷徨'),(20208948,'吾本是我'),(20202299,'呆可天'),(20214853,'呓语痴人'),(20210098,'呢喃忧心'),(20215231,'呢喃燕语'),(20214739,'周硕'),(20201509,'周雨楼'),(20213929,'呱哥'),(20209804,'呱瓜呱'),(20204231,'呼延乱语'),(20202933,'咆哮火'),(20202429,'咆哮的苹果'),(20214960,'咆哮的风月'),(20214134,'和七'),(20214752,'和尚用潘婷'),(20203448,'咖啡果'),(20209350,'咫尺轻语'),(20202006,'咱就叫月寒'),(20215120,'咱的小刀'),(20203485,'咸鱼下饭'),(20201547,'咸鱼也疯狂'),(20208949,'咸鱼飞吧'),(20215365,'品味纯净水'),(20201501,'哦雷哇刚大木哒'),(20213528,'哲哥'),(20211467,'唐三公子'),(20210983,'唐三葬_塔读文学网'),(20214665,'唐如酒'),(20201200,'唐家三少'),(20202054,'唐尸叁摆首'),(20209117,'唐朝茄子_91'),(20215531,'唐氏二姐'),(20211074,'唐钰小宝'),(20209089,'唐门魔剑士'),(20214295,'唐颖小'),(20209015,'唤春归'),(20214872,'唯我墨黑'),(20201153,'唯易永恒'),(20203850,'啊啊融融'),(20209101,'啤酒鸭头'),(20214744,'啪啪啪狂魔'),(20203642,'善断灵狐'),(20202493,'善水'),(20201169,'善良的蜜蜂'),(20201343,'喜乐不语'),(20213777,'喜了'),(20215337,'喝杯水'),(20208922,'喝汤用瓢'),(20201512,'喵妖大王'),(20215492,'喵小狸'),(20202219,'嗜血龙吻'),(20214487,'嗤笑'),(20209110,'嗷星小领主'),(20215246,'嘻哈努力'),(20214935,'四海123456'),(20214681,'四眼秀才'),(20212159,'四石'),(20214242,'四零三'),(20211465,'回道'),(20214983,'回锅豆腐'),(20210121,'国家飞翔'),(20201486,'国王陛下'),(20201793,'国色生枭'),(20214733,'国际精神'),(20209747,'图一笑'),(20209309,'圆圈不圆'),(20201109,'圈地养亡灵'),(20215554,'圊圊孖姵'),(20214304,'土豆爱西红柿'),(20211261,'土豆红薯'),(20207772,'圣人模式'),(20202135,'圣者晨雷'),(20202617,'圣骑士的传说'),(20211238,'圣魔行者'),(20202567,'在下吊炸天'),(20213225,'在下宫羽'),(20212131,'在河'),(20212633,'地之子汉森'),(20211218,'地狱恶魔'),(20207425,'地瓜大人'),(20215141,'地黄丸'),(20202403,'坏坏无极'),(20201500,'坏宝'),(20206724,'坏米老头'),(20211266,'坏蛋不坏'),(20210104,'坏蛋也是个样'),(20202656,'坏蛋部落'),(20202505,'坐着的君'),(20214946,'坐着的小白'),(20210976,'坐虎观山斗'),(20215193,'坑神入侵地球'),(20203639,'坚强的小树'),(20202943,'坚强的馒头'),(20214749,'坟土荒草'),(20209083,'坟头的死神'),(20214679,'城之天'),(20211190,'城里老鼠'),(20209497,'堕落的帝王星'),(20213917,'境界的彼方'),(20203526,'墨五'),(20201138,'墨刀'),(20202530,'墨回头'),(20215535,'墨小日'),(20211022,'墨斗糯米'),(20211052,'墨无影'),(20209797,'墨日西下'),(20202456,'墨来疯'),(20215182,'墨梓桐'),(20201108,'墨渊轻狂'),(20212386,'墨疯子'),(20209017,'墨笔业医'),(20204278,'墨色江南'),(20214561,'墨色白画'),(20213032,'墨迹虫虫'),(20202519,'墨雨'),(20201983,'墨霓裳'),(20211233,'墨非彼岸'),(20213208,'墨香双鱼'),(20215385,'墨香絃音'),(20212623,'壁咚芒果'),(20201542,'士道'),(20202655,'壮志凌云S'),(20202284,'壹月壹仟'),(20211984,'夏又苒'),(20209069,'夏天空'),(20211197,'夏尘子'),(20211479,'夏日冬寻_飞卢'),(20209548,'夏日午后'),(20201935,'夏日易冷'),(20202311,'夏日蝉鸣'),(20204205,'夏炎炎'),(20202255,'夏爱君'),(20206565,'夏竖琴'),(20209770,'夏遇'),(20214293,'夏阳木槿'),(20211359,'夏雨阳'),(20215476,'夏风清水'),(20204200,'夏食'),(20203416,'夕阳几度'),(20213548,'夕阳孤树'),(20215372,'外乡人'),(20201357,'外挂靓仔'),(20212667,'多宝鱼'),(20202684,'夜·水寒'),(20202665,'夜不醉'),(20201040,'夜与雪'),(20201045,'夜云端'),(20215559,'夜凌郗'),(20214986,'夜半爱睡觉'),(20212822,'夜听风'),(20214779,'夜吻刺猬'),(20210995,'夜小楼'),(20211198,'夜左'),(20201812,'夜幕将至'),(20209695,'夜拾花'),(20215481,'夜无声'),(20202689,'夜梦寒'),(20215402,'夜泊人'),(20214705,'夜流风'),(20212821,'夜浮尘'),(20214880,'夜游仙'),(20210962,'夜狐独舞'),(20211331,'夜璟'),(20209715,'夜白色'),(20202715,'夜的邂逅'),(20201515,'夜空寻日'),(20201371,'夜色访者'),(20202492,'夜落影'),(20210989,'夜行刀手'),(20203699,'夜行月_塔读文学网'),(20209483,'夜阑'),(20202508,'夜阑倚雪'),(20209062,'夜雨惊鸿'),(20201559,'夜雨闻铃0'),(20215139,'大上造'),(20202924,'大儒'),(20201476,'大凉皮'),(20212732,'大厨师'),(20209462,'大叔戏萝莉'),(20214731,'大头文'),(20209074,'大家都来吃橙子'),(20215097,'大帅匪'),(20211480,'大年'),(20201263,'大日浴东海'),(20201488,'大梦游家'),(20201277,'大海好多水'),(20201346,'大海无粮'),(20209705,'大海贼香克斯'),(20202931,'大湿请留步'),(20215150,'大烟缸'),(20214925,'大爱先生'),(20208923,'大猎户'),(20201136,'大王爷'),(20212426,'大秦风云'),(20215485,'大笨猫'),(20201961,'大花你好吗'),(20204131,'大荒散人'),(20202316,'大虚空流焰'),(20206726,'大迷'),(20203549,'大雨天不打伞'),(20209728,'大鱼头'),(20201104,'天上下西瓜'),(20202098,'天上地上唯我独尊'),(20203694,'天上峡谷'),(20210909,'天下1'),(20201796,'天下无人为王'),(20210720,'天下无人便是王'),(20201791,'天下无叶'),(20203684,'天下无皇'),(20211293,'天下行止'),(20207780,'天下青空'),(20215011,'天不负01'),(20204230,'天丛'),(20202434,'天之七'),(20210111,'天佑'),(20211079,'天使鑫'),(20209713,'天刑门主'),(20215188,'天剑无崖'),(20215466,'天卯白少'),(20202087,'天同'),(20203548,'天命将至'),(20201972,'天地一鸥'),(20200994,'天地有缺'),(20202165,'天地花'),(20201363,'天地风行'),(20201355,'天堂不寂寞'),(20202482,'天堂狱'),(20213040,'天外散人'),(20202440,'天外肥仙'),(20202152,'天天吃窝头'),(20201340,'天天啃西瓜'),(20202611,'天天方便面'),(20212609,'天宇之上'),(20204139,'天岩'),(20209229,'天帝之旅'),(20212442,'天御无极'),(20201387,'天意留香'),(20212924,'天才眼镜'),(20213474,'天才郭大少'),(20212161,'天无涯'),(20201985,'天星之神'),(20201835,'天杀的老贼'),(20211193,'天柱老怪'),(20214107,'天梦流彩'),(20211992,'天沙'),(20214326,'天河银丝'),(20211829,'天河长风'),(20201944,'天泉西瓜'),(20215321,'天涯何处觅知音'),(20209156,'天涯孤旅i'),(20209935,'天涯路'),(20201964,'天涯逐梦'),(20202160,'天然碱'),(20213050,'天煞酷星'),(20206557,'天狼'),(20211248,'天玄星'),(20209044,'天生废材'),(20201333,'天界闲人'),(20201072,'天皇圣祖'),(20209209,'天真的修罗'),(20204605,'天秀弟子'),(20215289,'天空光明'),(20211474,'天竺小鼠'),(20209543,'天羽山庄1'),(20202861,'天羽龙翔'),(20201526,'天茗'),(20210748,'天蓝的羽毛'),(20204608,'天蓝色月'),(20201007,'天蚕土豆'),(20201344,'天行健'),(20209372,'天边那朵菊花'),(20209157,'天问1996.CS'),(20201815,'天雷猪'),(20214319,'天青冬夏'),(20201156,'天魔圣'),(20212708,'天鹿'),(20215340,'天麻虫草花'),(20214969,'天龙神战'),(20201085,'太一生水'),(20202964,'太九'),(20201705,'太子绝尘'),(20202377,'太师鹅白'),(20202455,'太白公子'),(20204527,'太白剑清'),(20212737,'太辰'),(20201816,'太阳藤'),(20209601,'太霄'),(20201819,'夭折的花火'),(20201954,'失心徒'),(20213742,'失格菌'),(20209486,'失眠的怪叔叔'),(20210980,'失落主机_塔读文学网'),(20215164,'失落之节操君'),(20201037,'失落叶'),(20210990,'失落的熊'),(20201385,'头痛的没法'),(20210331,'头石'),(20209858,'头顶四个旋'),(20204238,'奇兵天降'),(20206532,'奇四'),(20209450,'奇妙君'),(20213213,'奇葩七'),(20210963,'奇语者'),(20212713,'奇闻联播'),(20209334,'奋笔泼墨'),(20202251,'奋逗'),(20212160,'奔波尔菠萝'),(20202362,'奔腾的包子'),(20214558,'奔跑吧写手'),(20209222,'奔跑的牛肉面'),(20201503,'奔跑的风筝'),(20212727,'奔驰不会飞'),(20209238,'奥尔良烤鲟鱼堡'),(20201939,'奥比椰'),(20211983,'奧丁'),(20202667,'女王叫我巡山'),(20202620,'女生有气质'),(20214700,'女神备胎'),(20213644,'奶声奶气'),(20208968,'奶油蘑菇面'),(20210722,'奶茶的悲哀'),(20215404,'她的太阳'),(20201127,'她酷的像冰'),(20209709,'好久不洗头'),(20213790,'好安逸'),(20202479,'如丧青春'),(20215228,'如同一只蝼蚁'),(20213677,'如意棒(书坊)'),(20209329,'如斯剑客'),(20210149,'如斯剑客.CS'),(20214694,'如水意'),(20213012,'如海蔚蓝'),(20215490,'如清欢'),(20202537,'如狼似虎'),(20215391,'妃子恋'),(20214895,'妖冶娴都'),(20211253,'妖化龙'),(20209119,'妖卿卿'),(20212889,'妖命如天'),(20201087,'妖夜'),(20201074,'妖天'),(20215405,'妖妃公子'),(20215266,'妖妖之心'),(20209750,'妖娆小桃'),(20209357,'妖媚九尾白狐'),(20215012,'妖媚动人'),(20201112,'妖无量'),(20201285,'妖月夜'),(20202379,'妖月无双'),(20215093,'妖梦使十御'),(20209767,'妖烧男神'),(20204512,'妖羽'),(20201789,'妖莫忘'),(20209482,'妙手偶天成'),(20202534,'妙手牧酒诗'),(20209045,'妙笔生鱼04'),(20215504,'妤饵'),(20201046,'始于梦'),(20207834,'姐夫好风骚'),(20201980,'姑苏大侠'),(20214977,'姬叉'),(20202138,'姬天易'),(20209704,'姬无月'),(20215225,'姬蛋壳'),(20213927,'姵璃'),(20215322,'娑罗树'),(20215255,'娘子十三仪'),(20210955,'娘砸'),(20212399,'娶猫的老鼠'),(20201475,'婉容潇潇'),(20214291,'婉转的蓝'),(20201354,'子不言永'),(20211433,'子墨竹'),(20202107,'子昊'),(20203521,'子莫语'),(20201948,'子非鱼1986'),(20202230,'子龙将军'),(20214956,'孑与2'),(20213723,'孔五孙'),(20209288,'孔李李'),(20209717,'字夜'),(20211235,'字字醉倾城'),(20202388,'字闲'),(20215263,'孙默默'),(20215509,'孟岳'),(20210743,'季绯陌'),(20201540,'孤单地飞'),(20201051,'孤单地飞(书坊)'),(20205152,'孤城King'),(20202203,'孤影无斜'),(20202664,'孤情君少(书坊)'),(20214135,'孤注'),(20202940,'孤涯长漠'),(20215204,'孤独一跳'),(20201137,'孤独先生'),(20213415,'孤独如我'),(20212725,'孤独漂流'),(20202080,'孤独血狼'),(20215030,'孤独麦客'),(20211075,'孤狼啸月'),(20212706,'孤狼的咆哮'),(20203852,'孤翼飞翔'),(20203687,'孤胆蚂蚁'),(20209204,'孤酒老人'),(20210958,'孤野'),(20201800,'孤雁影'),(20201717,'孤雨随风'),(20209478,'学者凌峰'),(20214672,'孪生鼠'),(20212929,'宁山小妖'),(20213920,'宅午七'),(20215541,'宅妹'),(20201094,'宅猪'),(20202401,'宅男天下'),(20202707,'宅男魔力'),(20204597,'宇宙紫火'),(20212707,'宇辉'),(20215276,'守着鱼的老猫'),(20201593,'安七夜'),(20211207,'安家小妞'),(20212673,'安康鱼'),(20215244,'安若酱'),(20215004,'完美WM'),(20214845,'完颜小白'),(20215232,'宏瑞齐家'),(20209607,'宗罪'),(20209784,'宛涵烟'),(20210131,'宜思真(书坊)'),(20201296,'宝石猫'),(20201708,'实验小白鼠'),(20209748,'宣雨斋'),(20203545,'宫尚'),(20205211,'宰相大人'),(20202412,'家和万事兴'),(20215518,'家猫大魔王'),(20215368,'容嬷嬷'),(20214309,'容默默'),(20202621,'寂寞剑客(书坊)'),(20202695,'寂寞埋藏'),(20215083,'寂寞的舞者'),(20201713,'寂寞读南华'),(20202613,'寂寞香烟'),(20201598,'寂小贼'),(20215060,'寂无'),(20212635,'寂灭前尘'),(20205210,'寇十二少'),(20214821,'寇十五郎'),(20212690,'寒仕'),(20204202,'寒无风'),(20212626,'寒月独闯'),(20209109,'寒江雪'),(20201487,'寒潮梦'),(20214559,'寒虾'),(20201125,'寒雨冷'),(20214923,'寒风拂剑'),(20214488,'寡人很忙'),(20214115,'寸墨'),(20203698,'寸舌'),(20215281,'寻路人'),(20209939,'寻醉人'),(20210371,'封天1'),(20202069,'封禅子'),(20214666,'射手座李不二'),(20202050,'将军开印'),(20201926,'将军跳舞'),(20215199,'将臣之名'),(20213774,'小5的金克丝'),(20214560,'小乖宝贝'),(20210367,'小仙紫晨'),(20203515,'小伈'),(20209128,'小僧说梦'),(20209711,'小军aa'),(20201033,'小刀锋利'),(20215320,'小叙'),(20201808,'小召大为'),(20201766,'小叶桑'),(20202484,'小哥不帅'),(20215501,'小声长谈(书坊)'),(20214952,'小妖'),(20214989,'小宇柔'),(20215155,'小小一只鱼'),(20202485,'小小八'),(20215520,'小小青蛇(书坊)'),(20215187,'小屁股'),(20205988,'小怪'),(20202207,'小恙'),(20215511,'小斗咪'),(20209127,'小无相公'),(20202013,'小明的二踢脚'),(20215367,'小春贤'),(20212718,'小楼暮霭'),(20209358,'小民书生'),(20201807,'小猫别闹'),(20209013,'小生爱花生'),(20202329,'小白兔0227'),(20209354,'小白大神'),(20201088,'小翼之羽'),(20211270,'小许有法'),(20212681,'小迷湖'),(20202021,'小酌一壶'),(20211183,'小野猫Ketty'),(20213480,'小钱钱在哪里'),(20202366,'小铳'),(20214640,'小阿帅'),(20214294,'小雨烟然'),(20213487,'小韵和小云'),(20201996,'小马哥'),(20214819,'小鱼联盟'),(20202012,'小鱼鹦鹉'),(20211448,'小龙卷风'),(20213513,'小龙土木'),(20201722,'少年出英雄'),(20210750,'少年小蜗'),(20210154,'少林寺僧.CS'),(20203523,'少黎'),(20202144,'尘埃过客'),(20215411,'尘封墨玉'),(20204526,'尘尘如殇'),(20200957,'尘山'),(20205986,'尘沙(书坊)'),(20215334,'尘色倾渺'),(20202948,'尚则明'),(20214719,'尝谕'),(20203603,'尸口巾'),(20211205,'尸水丸子'),(20214879,'尹三问'),(20209007,'尹亦尽'),(20215503,'尼姑庵的和尚'),(20209124,'尼德霍格的归来'),(20209542,'屌丝扯蛋'),(20202303,'山中火猴'),(20202257,'山中炸石'),(20214780,'山中野仙'),(20201080,'山人有妙计'),(20211264,'山淡月'),(20212391,'山茶根黄芩'),(20202084,'山青水秀'),(20202169,'岁之寒'),(20202506,'岁月的小夜猫'),(20210973,'岚汐徵冥'),(20202450,'岳龙鹏'),(20211282,'岸潮'),(20201754,'峰上'),(20210132,'峰渔'),(20212132,'崇阳明月'),(20202638,'崔安'),(20211466,'崛起天东'),(20209333,'巅峰武者'),(20209850,'巡天'),(20201706,'左右言它'),(20213485,'左哼哼'),(20212689,'左手吴'),(20209794,'左手天涯'),(20215358,'巧笑~盼兮'),(20211262,'巨蟹'),(20215111,'巨西城'),(20214746,'巨龙的时空'),(20213918,'布哉砹睨'),(20209262,'帅气番茄'),(20213026,'师傅泡的茶'),(20215269,'师爷疯了'),(20210996,'希尔曼'),(20209135,'帕帕猴'),(20215312,'帘半卷'),(20201145,'帝妖皇'),(20201995,'帝弑天'),(20210366,'帝绝心'),(20201879,'帝鸿'),(20214701,'带玉'),(20213712,'常大石'),(20206562,'常树青'),(20211196,'常羲'),(20209972,'幕琅'),(20202467,'干煸鱿鱼须'),(20214136,'干红'),(20212884,'干越箫声'),(20202521,'干鱼'),(20201059,'平凡魔术师'),(20208956,'平白小生'),(20213654,'幸村加奈'),(20211995,'幸福小汽车'),(20214943,'幸福来敲门'),(20202732,'幸运的苏拉'),(20215008,'幸运骨科'),(20209788,'幺黎儿'),(20213230,'幻夜儿'),(20212672,'幻想一的书屋'),(20209080,'幻斋'),(20210337,'幻神.CS'),(20215297,'幻落霜'),(20203447,'幻雨'),(20201356,'幻龙独舞'),(20211275,'幼儿园博士'),(20209852,'幼稚不是错'),(20214306,'幽幽弱水'),(20206552,'幽意'),(20213217,'幽灵大士'),(20213914,'幽灵鬼手'),(20201870,'广修'),(20201979,'庄不周'),(20203440,'庄十三'),(20209793,'庄姜'),(20200978,'庄毕凡'),(20201779,'店长推荐'),(20201760,'庚新'),(20214852,'府天'),(20210327,'庞海'),(20201485,'庞飞烟(书坊)'),(20209155,'庭雨'),(20202414,'廿晓姜'),(20209596,'开心小帅'),(20205212,'开杠'),(20201986,'开炮'),(20202517,'开玩笑'),(20201297,'开荒'),(20201018,'异世的剑客'),(20212384,'异世随风'),(20212625,'异界郎君'),(20209022,'异能师异界纵横'),(20213059,'弓长天少'),(20210140,'弓长木肆'),(20202005,'引力向上'),(20210940,'张叔叔i'),(20201778,'张大爷01'),(20215233,'张小落'),(20214641,'张杨晓泽'),(20201254,'张牧之'),(20209818,'张琪源'),(20215317,'张芷言'),(20210966,'张萧'),(20215323,'张雅娜'),(20201060,'弥煞'),(20211986,'弱水度'),(20201352,'弹指帅哥(书坊)'),(20202266,'归兮北冥'),(20209349,'归冥'),(20208930,'归卧故山'),(20209533,'当家小睿'),(20209281,'彦旭'),(20215454,'彩茗'),(20201762,'彩虹之门'),(20202265,'影·魔'),(20206394,'影独醉'),(20201130,'影闪影靓'),(20209035,'彷徨海的黑猫'),(20215226,'彻底绝望'),(20202431,'彼岸之光'),(20201953,'彼空'),(20201925,'待售的冬瓜'),(20201596,'徐公子胜治'),(20209050,'徐半生'),(20215239,'徐子雄'),(20200953,'徐广大'),(20212636,'徐徐小风'),(20208989,'徐秋白'),(20213786,'御东风'),(20201073,'御剑斋'),(20206551,'御史大夫'),(20214692,'御炎'),(20211852,'御龙百图'),(20209292,'微子息息'),(20211367,'微微郁'),(20201116,'微微鸿气'),(20209286,'微笑剑士'),(20208247,'微笑向暖02'),(20211030,'微笑的小恶魔'),(20201575,'心凉奈何'),(20202944,'心在飞扬'),(20213058,'心如纸水'),(20201224,'心星逍遥'),(20209100,'心有灵樨'),(20215303,'心梦所向'),(20211358,'心的韵律'),(20214643,'心碎黯殇'),(20207776,'心若浮沉'),(20215265,'心荒(书坊)'),(20210128,'心醉笑傲'),(20202081,'志弟'),(20209057,'忘子聪'),(20201588,'忘川三途'),(20210975,'忘川离歌'),(20201377,'忘情至尊'),(20202018,'忘无雪'),(20213025,'忘旧年'),(20201158,'忘记离愁'),(20214683,'忘语'),(20213042,'忧郁暮雪'),(20202499,'忧郁的失恋人'),(20215029,'忧郁的青蛙'),(20209536,'快乐小巫婆'),(20203443,'快乐的悲剧'),(20201024,'快餐店'),(20214926,'念千灵'),(20209556,'怀橘陆郎'),(20202248,'怒笑'),(20209088,'思念毒药'),(20202747,'思绪飞扬'),(20213655,'怡宝**'),(20213052,'怪咖小姐'),(20213524,'总小悟'),(20211294,'恋上'),(20202437,'恋风'),(20214668,'恍若晨曦'),(20201965,'恒星牧虎'),(20202221,'恨无'),(20211373,'恩宠王世子'),(20215184,'恩很宅'),(20205458,'恩赐解脱'),(20210744,'恶魔月下月'),(20201576,'悟了空'),(20211016,'悠之溪'),(20215426,'悠悠小云'),(20201034,'悠悠帝皇'),(20209210,'悦阳'),(20202679,'悬崖边的龙'),(20209700,'悬狐季氏'),(20203605,'悲伤月'),(20201063,'悲剧山伯爵'),(20202911,'悲歌唐三藏'),(20201432,'情殇孤月'),(20214771,'情终流水'),(20213515,'情缘千夜'),(20214835,'惜我年华'),(20202119,'惟爱诗'),(20212393,'惠下柳'),(20201537,'想见江南'),(20202612,'想跑快的蜗牛'),(20209701,'愁醉无酒'),(20201110,'意洛'),(20209000,'愚人大自在'),(20202653,'愤怒烟圈'),(20202661,'愤怒的萨尔'),(20202949,'愤怒的香蕉'),(20201913,'慎独行'),(20210308,'慕容兰烟'),(20202654,'慕容双雄'),(20211356,'慕容梓婧'),(20202091,'慕容梨落'),(20210334,'慕容瑾夜'),(20214289,'慕容雪菲'),(20208993,'慕白公子'),(20212000,'慕禅白狐'),(20212388,'慢慢的小熊'),(20209535,'懂了'),(20209208,'懒懒爱猫猫'),(20211225,'懒语'),(20201041,'懒鸟'),(20214302,'戊黎'),(20212688,'戏仔'),(20211475,'戏风_书海'),(20210370,'我不叫苹果'),(20201647,'我不是陈冠锟'),(20202296,'我丑到灵魂深处'),(20215442,'我为相思'),(20209757,'我以为我在笑'),(20208957,'我伙呆'),(20209098,'我叫吴大胆'),(20211105,'我叫钱宝宝'),(20210746,'我吃大老虎'),(20215380,'我吃蕃薯'),(20200985,'我吃西红柿'),(20201069,'我妖选吕布'),(20201728,'我妖选李白'),(20203595,'我妖选貂蝉'),(20213024,'我妮紫钰仙子'),(20202259,'我就是龙'),(20202256,'我很正经的'),(20209706,'我想给你幸福'),(20202174,'我才是龙傲天'),(20213035,'我是三羊'),(20201495,'我是多余人'),(20210148,'我是多余人.yw'),(20207833,'我是多余人_'),(20207775,'我是大乌龟'),(20203675,'我是小富翁'),(20213209,'我是尔阳'),(20202101,'我是森林木'),(20205987,'我是游戏王'),(20209028,'我是码字狂'),(20209792,'我是红薯'),(20202167,'我是老茶'),(20211053,'我是胖大海'),(20201146,'我是蓬蒿人'),(20203601,'我是超级笨笨猪'),(20209694,'我是钢筋工'),(20209034,'我是鱼所欲'),(20201729,'我本拙计'),(20209355,'我本是锅'),(20209336,'我本殇魔'),(20201521,'我本纯洁'),(20212641,'我本纯洁__'),(20202919,'我正减肥中'),(20215344,'我爱吃水果'),(20202947,'我爱流星雨'),(20201558,'我爱黄花白'),(20214975,'我留胡须'),(20211336,'我的小苹果'),(20214899,'我的背影我的光'),(20201106,'我真是大明星'),(20215126,'我知鱼之乐'),(20210144,'我糕呢'),(20215148,'我自对天笑'),(20203411,'我自我自在'),(20210103,'我行我素'),(20203413,'我要吃土豆'),(20206550,'我要的是葫芦'),(20202374,'我飞飞'),(20213787,'戒道'),(20202709,'战云轩'),(20213965,'战壕'),(20204612,'战气凌霄'),(20214833,'战袍染血'),(20214691,'戴代'),(20209079,'戴小鱼'),(20215423,'扇舞下的机锋'),(20211232,'手语'),(20213527,'才不是H萝莉'),(20215065,'扑炎飞蛾'),(20201281,'打死都要钱'),(20201782,'打死都要钱(书坊)'),(20210948,'打瞌睡蟲'),(20202171,'打肿眼充熊猫'),(20209690,'扛天'),(20212741,'执笔无意'),(20213007,'执笔问黑白'),(20207777,'扫地大师'),(20213733,'扫雪煮茶'),(20209026,'扭曲的格林'),(20209790,'扶云游'),(20210964,'承星'),(20202458,'把九不离十'),(20202690,'把酒凌风'),(20215357,'抗雷的烟头'),(20202705,'折白'),(20202351,'抚仙楼'),(20208974,'拂晓烟柳'),(20202698,'拈花一叶'),(20201702,'拉丁海十三郎'),(20212733,'拉丁鱼'),(20200986,'拉姆'),(20201311,'拉黑'),(20212596,'拓跋流云'),(20211215,'拔剑四顾'),(20205990,'拼搏的射手'),(20214737,'拾寒阶'),(20213061,'拾金候'),(20212435,'指尖幻想'),(20209058,'挑灯看海'),(20209802,'挖坑不填'),(20201546,'挥斥方遒'),(20202512,'捕梦者'),(20214717,'捣蛋掠夺号'),(20215314,'探宝道人'),(20209341,'探花03'),(20209029,'接口卡'),(20209781,'提笔'),(20202701,'提莫弟弟'),(20209454,'搬砖的二哥'),(20214885,'摄走他乡'),(20212645,'摇曳红酒杯'),(20201152,'摩北'),(20208972,'摩咤'),(20209070,'摸金'),(20211990,'撒家小哥'),(20201402,'撞破南墙'),(20208983,'放怒花心'),(20215415,'故城垣'),(20202346,'救世妖道'),(20214637,'教主无心'),(20202198,'教堂'),(20214888,'敢为'),(20201350,'散心靓意'),(20201359,'敲烂木鱼'),(20211219,'文 / 东篱有酒'),(20215556,'文 / 六哩'),(20213664,'文 / 珂蓝玥'),(20211368,'文 / 茉莉monie'),(20214114,'文 / 陌澜玉'),(20215364,'文 / 魔吟七曲'),(20214636,'文中月'),(20215342,'文余'),(20210965,'文左三少'),(20211175,'文程'),(20202324,'文舟'),(20211011,'斜照相迎'),(20203594,'斡侑罪'),(20203538,'斩鬼'),(20215000,'断刃天涯'),(20201592,'断桥残雪'),(20201114,'断迁'),(20201079,'新丰'),(20209373,'新任魔王'),(20214984,'新影子'),(20202516,'新版红双喜'),(20209806,'方丹'),(20202177,'方尖塔'),(20210114,'方岩'),(20208943,'方廷笙'),(20201052,'方想'),(20207428,'方泫'),(20206396,'方脑壳'),(20215401,'方芳'),(20209266,'旋转星辰'),(20211245,'无上剑心'),(20201302,'无为秀才'),(20214696,'无冬夜'),(20213951,'无双晓智'),(20211234,'无妄.CS'),(20202453,'无宣'),(20201984,'无尽光明'),(20201993,'无巫乌'),(20214980,'无底深渊'),(20202104,'无悠岁月'),(20211036,'无情风'),(20201068,'无敌小贝(书坊)'),(20200976,'无敌皇上'),(20215171,'无敌飞天猫'),(20209761,'无月不登楼'),(20205179,'无来'),(20203640,'无渊'),(20215336,'无焉容颜'),(20201467,'无物'),(20211063,'无玄'),(20206556,'无罚'),(20202854,'无罪'),(20208932,'无聊掌门'),(20211242,'无自来'),(20213027,'无视苦痛笑着'),(20214844,'无言不信'),(20202234,'无语道尊'),(20203522,'无谓西东'),(20202072,'无量功德'),(20201360,'无限生机'),(20201353,'无齿盗贼'),(20215202,'既济'),(20208963,'日刊少年春卷'),(20213055,'日殇'),(20212594,'早起的大虫'),(20202078,'旱术浮游'),(20205244,'时光极'),(20202233,'时光沙粒'),(20202380,'时光隐'),(20213791,'时於归'),(20201960,'时泽梦舟'),(20202227,'时间长河'),(20200977,'旺仔老馒头'),(20213730,'明天就戒烟'),(20210108,'明宁'),(20201590,'明宇'),(20205061,'明少江南'),(20201536,'明日飞'),(20201036,'明月夜色'),(20213720,'明月涨跌随心'),(20202015,'明狂月夜'),(20214328,'明珠还'),(20211217,'明美0'),(20214137,'明超琼'),(20202010,'明闲'),(20206547,'易剑风'),(20201601,'易天歌'),(20214998,'易宸'),(20201470,'易门'),(20203489,'易飘零'),(20215445,'昔日西域刀客'),(20213531,'星光月影'),(20215080,'星刻之印'),(20213020,'星守'),(20208990,'星月白'),(20201489,'星殒落'),(20211027,'星河浩淼1'),(20209860,'星点烽火'),(20209849,'星炼'),(20201569,'星痕一线天'),(20211064,'星痕泪'),(20211020,'星耀乾坤'),(20214725,'星若云'),(20209261,'星辰指路'),(20200991,'星辰陨落'),(20202191,'星际风云'),(20202238,'星陨之光'),(20209974,'星雨傲晨'),(20211329,'春秋集'),(20209115,'春花瓷'),(20201042,'春诵夏弦'),(20205153,'昨日清风'),(20215398,'昭陵秋'),(20213023,'晋雪艺'),(20202513,'晒着太阳的猫'),(20214858,'晓夜圆舞曲'),(20202568,'晓威'),(20201786,'晓威(书坊)'),(20204521,'晓未央'),(20201551,'晓浅'),(20208958,'晓烨'),(20214716,'晕血的羔羊'),(20201499,'晚间八点档'),(20202302,'晚风的声音'),(20201491,'晨锅锅'),(20211048,'晨风'),(20214916,'普祥真人'),(20215037,'普顿'),(20209796,'景晓柏'),(20207432,'晴天雨露'),(20209470,'晴幽草'),(20209280,'晴空'),(20201119,'晴空之雾'),(20209295,'智律儿'),(20202371,'暗夜冰雷'),(20201233,'暗夜幽殇'),(20213041,'暗夜眸光'),(20214274,'暗夜茗香'),(20209814,'暗夜阿斯莫'),(20212674,'暗天残辉'),(20209973,'暗客'),(20206549,'暗忆'),(20209610,'暗殇夜君'),(20204138,'暗点'),(20202742,'暗狱领主'),(20214867,'暗石'),(20215047,'暗舞天日'),(20203429,'暗魔师'),(20209033,'暗黑芒果'),(20209597,'暗黑茄子'),(20213737,'暮灵歌'),(20209785,'暮看云'),(20210941,'暮轻'),(20202663,'暮雨尘埃'),(20200970,'暮雨神天'),(20214841,'暴兵对A'),(20215014,'暴力1987'),(20214913,'暴力快递员'),(20211338,'暴虐'),(20213015,'暴走午饭'),(20211363,'暴走的石头'),(20202156,'暴躁甜瓜'),(20205155,'暴风雪呼啦'),(20202133,'曲墨封'),(20214834,'曲封'),(20200972,'更俗'),(20214562,'曹小俊'),(20213221,'曹沛'),(20212395,'曹群'),(20213479,'曼陀羅VS封言'),(20203512,'曾经拥有的方向感'),(20205983,'曾经的约定'),(20202916,'最后的茄子'),(20201918,'最强绅士物语'),(20210127,'最爱MISIC伯爵'),(20213019,'最爱君子兰灭谛'),(20215558,'最爱咖啡色'),(20209753,'最爱生肖兔'),(20201854,'月三寿'),(20212714,'月下乘船来'),(20209764,'月下小溪'),(20215034,'月下小狐'),(20202444,'月下小羊'),(20207395,'月下小鸟'),(20214869,'月下屠龙'),(20211991,'月下放歌'),(20211252,'月下的约会'),(20201342,'月中阴'),(20215403,'月亮上的鱼肉'),(20207778,'月光下的鲸鱼'),(20212440,'月入杯中'),(20209271,'月入杯中.CS'),(20202132,'月华泪'),(20213713,'月华清薇'),(20211276,'月夜侵城'),(20202353,'月夜妖娆'),(20213215,'月夜玲珑'),(20211034,'月夜风影'),(20201428,'月如火'),(20213033,'月小喵'),(20212930,'月满歌清'),(20209306,'月满满'),(20202647,'月满青楼'),(20209853,'月照西楼'),(20212825,'月球小熊'),(20214648,'月笼西沙'),(20208925,'月舞梦'),(20202159,'月落歌不落'),(20202318,'月落歌不落_掌阅'),(20201433,'月血风花'),(20214874,'月雨白'),(20214698,'月面'),(20211832,'月风山梦'),(20208248,'月鼠'),(20211987,'有仙越界'),(20210335,'有口难言'),(20201132,'有故事的画魂'),(20202910,'有时糊涂'),(20203436,'有缺'),(20215478,'有风有月还有驴'),(20202360,'朕的江山如画'),(20201817,'朕非君'),(20204204,'朝不保夕'),(20211107,'朝朝暮夕'),(20211365,'期度'),(20214807,'期待崛起'),(20202109,'木堇'),(20214709,'木恒'),(20201784,'木木狂歌'),(20201482,'木牛流猫x'),(20214649,'木苡南'),(20212705,'木问水'),(20204143,'未成年男孩'),(20208936,'未明曦'),(20214856,'未知酱'),(20215361,'未若央诉'),(20212711,'未落黄泉'),(20202507,'末日城危'),(20209458,'末日阿佳'),(20202913,'末羽'),(20209609,'末雨妖华'),(20209774,'本命妖'),(20209043,'本宫不是太子'),(20209425,'本微末凡尘'),(20201478,'本物灵魂伴侣'),(20209468,'朱星宇(书坊)'),(20211994,'朱雀焚天'),(20202128,'朱颜血夜莲'),(20201975,'朴零'),(20208973,'权渠道'),(20210375,'权神零度'),(20202634,'李仲道'),(20202055,'李唐王'),(20201124,'李圣人'),(20214721,'李家大儿'),(20202121,'李家成功'),(20201528,'李小猫'),(20202060,'李暮歌'),(20215400,'李末子'),(20201920,'李梦天枰'),(20201067,'李白不白'),(20206530,'李纲'),(20201362,'李飘扬'),(20201023,'李鸿天'),(20210310,'村北的木头'),(20213773,'村长啊'),(20202175,'杜二'),(20202392,'杜小喜'),(20202682,'杜思琪'),(20202057,'杜醒'),(20209065,'条顿君王'),(20211182,'来爱爱'),(20211281,'杨大象'),(20202292,'杨家坤少'),(20209039,'杨家客'),(20212704,'杨过年'),(20202462,'杯具张三'),(20203857,'杯酒'),(20201062,'极品妖孽'),(20204607,'极品妖孽_掌阅'),(20211231,'极品梦少'),(20208241,'极天下'),(20212721,'枕文'),(20215473,'林下看夕'),(20209312,'林中之马'),(20203652,'林中有虎'),(20213483,'林乔如歌'),(20213518,'林夕'),(20202082,'林海阁主人'),(20203490,'林絔锋'),(20209269,'林贤真'),(20214321,'林辉荣'),(20202131,'果芭'),(20209555,'枞川绿尘'),(20211288,'枫公子'),(20203647,'枫叶12号'),(20211070,'枫叶一曲歌'),(20204276,'枫吟紫辰'),(20209077,'枫啸'),(20208982,'枫林霜红叶'),(20205180,'枫落忆痕'),(20204140,'枯朽'),(20209042,'枯树老鸦'),(20202853,'枯玄'),(20209862,'柏之林'),(20201862,'某个作者'),(20210117,'柒十二'),(20212670,'染小沫i'),(20211325,'柠檬蜂蜜来一杯'),(20202298,'柳三刀'),(20212402,'柳云风'),(20215373,'柳叶夭夭'),(20214299,'柳叶风灵'),(20202336,'柳恒武'),(20209310,'柳成荫'),(20215025,'柳江南'),(20209442,'柳缠风'),(20211051,'柳香橙'),(20214657,'柴火骑士'),(20202095,'柴老五_一千零一页'),(20213046,'树下黑猫'),(20202343,'树下龙蛇'),(20202494,'树老二'),(20202927,'树裔'),(20212740,'根盛小刘'),(20203509,'格哈卡'),(20214714,'桃子卖没了'),(20214803,'桃次郎'),(20211397,'桃花剑士'),(20214322,'桃花小茶'),(20212669,'桃花石'),(20202610,'桑心01'),(20201299,'梁家三少'),(20202112,'梁小已'),(20214883,'梁少'),(20202470,'梅菲斯托大人'),(20202381,'梓儿'),(20202439,'梦一刀'),(20212598,'梦中的鼓点'),(20202239,'梦乂殇'),(20200971,'梦入神机'),(20202201,'梦回炎黄'),(20212928,'梦境凉'),(20209072,'梦岂'),(20202313,'梦怨殇'),(20202930,'梦想传承'),(20212697,'梦想教主.CS'),(20202162,'梦文人'),(20202393,'梦无言'),(20213675,'梦月升'),(20202515,'梦演'),(20212729,'梦狂风'),(20209242,'梦白无心'),(20211334,'梦若无殇'),(20202376,'梦起缘落'),(20212155,'梦辰星海'),(20209259,'梦辰星海.CS'),(20215366,'梦里闲人'),(20210728,'梦镜W'),(20201809,'梦非空'),(20203493,'梦马良'),(20213789,'梧桐真人'),(20201407,'梨落秋溪'),(20214106,'梵缺'),(20201523,'梵辰'),(20202099,'森浩大叔'),(20210323,'楚东来'),(20201310,'楚南狂士'),(20213660,'楚墓'),(20214314,'楚媚'),(20213718,'楚梦浮'),(20203474,'楚江风雪'),(20214761,'楚田'),(20203492,'楚白'),(20214654,'楼兰大表哥'),(20212820,'楼楼力'),(20209317,'楼语'),(20201003,'横扫天涯'),(20201755,'横死的螃蟹'),(20212606,'樱花散尽酒独酌'),(20209257,'樱落吹雪'),(20202370,'欢乐叶'),(20215505,'欧四'),(20201757,'欧阳书浩'),(20214486,'欧阳夏风'),(20203516,'欧阳小剑'),(20203514,'欧阳晕'),(20209815,'欲为仙欲成魔'),(20209021,'欲所欲为'),(20211277,'欺窃成群'),(20201134,'止二'),(20209296,'正名'),(20212620,'此剑无名'),(20214327,'此晴亦雨'),(20212604,'此燎'),(20201756,'此生落落'),(20213681,'此间良人'),(20209332,'步千寒'),(20215283,'步清欢'),(20202310,'步独行'),(20213736,'步留痕'),(20202469,'步罡踏九霄'),(20204237,'步行天下'),(20213511,'武破红尘'),(20215050,'武道成神'),(20209547,'武道第一人'),(20215493,'殇觞裳'),(20211823,'残云居士'),(20201877,'残剑'),(20202922,'残阳恋血'),(20215489,'段家二公子'),(20201269,'段尘风'),(20208947,'每天都泡茶'),(20202232,'每被无情扰'),(20209008,'毒苹果与魔镜'),(20209093,'毛小光927'),(20215079,'气欲难量'),(20213916,'水三杯'),(20215252,'水上君子'),(20215107,'水北古月'),(20201864,'水墨色'),(20214846,'水天风'),(20202241,'水尚浅'),(20210137,'水帘洞煮'),(20209812,'水开了'),(20211392,'水无波'),(20215443,'水晶上帝'),(20210141,'水晶之名'),(20212824,'水果面皮'),(20201901,'水清的作品'),(20209467,'水火有情5'),(20209752,'水煮红烧鱼'),(20209004,'水珊瑚'),(20203673,'水秀山青'),(20214957,'水龙吟V'),(20214100,'永岛'),(20201437,'永恒Y'),(20201202,'永恒之火'),(20203478,'永生帝君'),(20214842,'永远的大洋芋'),(20209736,'求罚'),(20210100,'求铭'),(20201208,'汉宝'),(20206722,'汉山令'),(20210945,'汉青明'),(20211477,'汐木若_书海'),(20213231,'汝享风'),(20213651,'汝魑魑'),(20209006,'江北天下'),(20215220,'江南三十'),(20211333,'江南寒月'),(20213544,'江南小阁'),(20209353,'江南月'),(20215308,'江城大侠123'),(20208950,'江夜祭'),(20209335,'江子天'),(20202372,'江山万里'),(20201075,'江山羽'),(20208952,'江微辰'),(20209455,'江河千里'),(20214871,'江河风月'),(20201429,'江流清风'),(20203851,'江湖再见'),(20201903,'江湖小小兵'),(20201306,'江溪小鱼'),(20214677,'江火'),(20201544,'江烟孤舟'),(20202688,'江边一闲'),(20201337,'江边渔翁'),(20210977,'池塘里的鱼'),(20212696,'汪pc'),(20201724,'汰深'),(20214768,'沈四宝'),(20209299,'沈子樱'),(20209857,'沈精兵'),(20209111,'沉中侠'),(20209461,'沉沦俗世'),(20201556,'沉沦和尚'),(20211170,'沉酒'),(20202566,'沉默的忧伤'),(20212621,'沉默的番薯'),(20200980,'沉默的糕点'),(20201922,'沐九儿'),(20215318,'沐子隐'),(20213526,'沐景景'),(20209294,'沐清歌'),(20215544,'沐禾'),(20215521,'沐笙箫'),(20211185,'沐阳'),(20215054,'沙中灰'),(20201977,'沙包包'),(20215064,'沙漠'),(20215091,'沙特国王'),(20211349,'没事闲扯淡'),(20209447,'没尾巴的猴子'),(20202483,'没水的西瓜'),(20202495,'没落的游吟诗人'),(20211068,'沧冥'),(20215206,'沧月傲天'),(20215113,'沧海之心'),(20215330,'沧海木木'),(20209078,'沫失莫忘'),(20202024,'河剑'),(20214661,'河清海晏七七'),(20212651,'油炸包子'),(20211357,'油炸饺子'),(20202375,'沽源'),(20202464,'法随'),(20213536,'泞果儿'),(20215395,'泠月昕'),(20206534,'泡茶瓜子'),(20202254,'泡馍1号'),(20211290,'波不在不在'),(20215324,'波斯南瓜'),(20203689,'泥男'),(20201480,'泰平绅士'),(20215280,'泰戈'),(20202355,'泼墨染青竹'),(20211000,'洋葱不会哭'),(20203502,'洗洗睡了吧'),(20210102,'洗越苍天'),(20208927,'洛叶随风'),(20203633,'洛城东'),(20209107,'洛夜青裳'),(20208942,'洛星晨'),(20201126,'洛水'),(20215345,'洛痕玥'),(20214273,'洛阳书'),(20206539,'洪荒小猪'),(20206569,'洪荒未名'),(20213924,'流云之梦'),(20209971,'流云彩袖'),(20208926,'流年居客'),(20201373,'流年往事'),(20208976,'流影千殇'),(20206566,'流星的子夜'),(20209071,'流水不息'),(20201282,'流水无痕'),(20215440,'流水曲觞'),(20201481,'流泪的鱼wyj'),(20208920,'流浪的爆米花'),(20201440,'流浪的蛤蟆'),(20201120,'流火狼烟'),(20204528,'流牙'),(20210953,'流白靓雪'),(20210745,'流神武车'),(20201950,'流苏簪'),(20212649,'流连往返1979'),(20211366,'浅墨染雪'),(20215325,'浅墨芳华'),(20202242,'浅悠凉'),(20202614,'浅梦浮生'),(20212932,'浅洛洳雪'),(20215533,'浅胤'),(20211017,'浅越未央'),(20210954,'浣水月'),(20202105,'浩枫'),(20202328,'浩渺龙潭'),(20212428,'浩荡辣椒'),(20215471,'浪冰心火'),(20203449,'浪子三爷'),(20214138,'浪子鬼道'),(20211181,'浪里花'),(20207836,'浮墨'),(20213049,'浮屠剑圣'),(20201365,'浮梦流年'),(20213663,'浮沉'),(20210373,'浮沉流沙'),(20209102,'浮生如梦'),(20214959,'浮生若梦1992'),(20209742,'浮萍是我'),(20212629,'海上骑兵'),(20209016,'海伦因'),(20202309,'海小潮'),(20205449,'海拉斯特黑袍'),(20203606,'海无颜'),(20212637,'海洋是梦的泪'),(20214953,'海瑞亚'),(20213679,'海盗船长(书坊)'),(20210101,'海角七号'),(20209691,'海贼之皇'),(20201956,'海陈'),(20209786,'海鸣威'),(20213785,'涂山氏'),(20213056,'涂斤斤'),(20201463,'涂牧之'),(20201384,'涛声依旧'),(20214931,'涡流水晶'),(20214828,'涨停板'),(20201147,'涯角一刀'),(20214308,'涵叶今心'),(20202350,'淘花'),(20209810,'淡乌央'),(20210725,'淡味冰淇淋'),(20215007,'淡墨青山'),(20200954,'淡定从容的某人'),(20214058,'淡疼的烟疤'),(20202417,'淮南狐'),(20212662,'淮南王'),(20210735,'深意童年'),(20201830,'深海浮冰'),(20202539,'深渊龙骑士'),(20201048,'深蓝椰子汁'),(20209356,'混虚子'),(20202720,'添冬'),(20211104,'添花过客'),(20209532,'清公子'),(20214650,'清夏兮兮'),(20212616,'清风拙见'),(20201794,'渊小鱼'),(20209066,'渔家四少'),(20201849,'渔小草'),(20210949,'渔洋之初'),(20213682,'渠黄'),(20214816,'渡木桥'),(20214849,'温岭闲人'),(20202945,'温暖流年'),(20206531,'温煦依依'),(20202317,'温酒'),(20209272,'温酒.yw'),(20201775,'游天的猫'),(20209330,'游尘'),(20203480,'游戏文字'),(20202525,'溪畔云涯'),(20215152,'溪野'),(20201118,'溯夜流年'),(20215456,'溺旧闻'),(20201600,'滚开'),(20211824,'滴水淹城'),(20201924,'漂浮的气球'),(20209095,'漂漂愚夫'),(20209019,'漆园黑夜(书坊)'),(20213037,'漠小淋'),(20215218,'漠高枯'),(20201914,'漫山鸢尾'),(20201801,'漫漫天生'),(20202860,'漫茶'),(20203677,'漫长的一夜'),(20215264,'潇洒转身'),(20202337,'潇潇凉公子'),(20201971,'潇疯'),(20213018,'澜柯'),(20202016,'激光刻标机'),(20212646,'激情香蕉'),(20210911,'火一次'),(20201763,'火倾天下'),(20202083,'火工头陀'),(20202157,'火帽三藏'),(20214890,'火星岛主'),(20201017,'火星引力'),(20201770,'火树嘎嘎'),(20209805,'火汐'),(20215339,'火焰淡黄'),(20202382,'火王'),(20201298,'火神'),(20212887,'火符'),(20213054,'火红的花'),(20201930,'火翼神龙'),(20215115,'火腿茄子'),(20209452,'火莹'),(20209611,'火锅煮字'),(20210939,'火龙汐'),(20202468,'灯下无语'),(20212392,'灯水'),(20212677,'灰大'),(20210741,'灰头小宝(书坊)'),(20211006,'灰羽'),(20212684,'灰色人生'),(20203690,'灵光白'),(20202228,'灵咚咚'),(20209975,'灵天世界'),(20205459,'灵隐狐'),(20202649,'灼言'),(20215459,'炊饼哥哥'),(20211081,'炒酸奶'),(20201081,'炖肉大锅菜'),(20202532,'炙热的心'),(20202204,'炫光超佛帝'),(20214296,'炭火烤大侠'),(20202059,'点墨江山'),(20212653,'点精灵'),(20202867,'烁土'),(20209279,'烈日耀骄阳'),(20211287,'烈火下的小草'),(20202120,'烈火燎原'),(20215024,'烛'),(20214881,'烟斗老哥'),(20201915,'烟末'),(20211831,'烟火的火烟'),(20213662,'烟灰黯然跌落'),(20211023,'烟竹海棠'),(20213678,'烟花彼岸'),(20209085,'烟醉秦皇'),(20209230,'烟雨楼主.QD'),(20201295,'烟雨江南'),(20208240,'烦不烦'),(20214990,'烦人'),(20213016,'烦恼疯'),(20201571,'烧刀'),(20201838,'热乎冰棍儿'),(20209779,'热血狂徒'),(20201434,'热血辣椒'),(20210316,'烽火之战'),(20211263,'烽火寒星'),(20201028,'烽火戏诸侯'),(20208941,'焚海煮天'),(20212715,'焱墨凡'),(20214796,'然Er'),(20209014,'煌书侯'),(20211004,'熊掌天下'),(20201275,'熊狼狗'),(20214728,'熊猫不会唱歌'),(20201538,'熊猫快跑'),(20215484,'熙嘉儿'),(20202237,'燃烧的小米'),(20215267,'燃烧的板砖'),(20209820,'燕东重'),(20206540,'燕云十三'),(20202373,'燕回'),(20213535,'燕燕于飞'),(20210116,'燕辰'),(20210110,'燚安'),(20210738,'燧羽'),(20206561,'爆炒鱼子酱'),(20202415,'爆炒鱼子酱_杭州悦蓝'),(20210730,'爆炸公鸡'),(20202117,'爬开'),(20214811,'爬泰山'),(20215328,'爱三美'),(20212925,'爱上短发'),(20209759,'爱丝瓜子'),(20203645,'爱吃大包子'),(20215491,'爱吃松子'),(20201520,'爱吃白菜'),(20209778,'爱吃面条'),(20210105,'爱恨雾气'),(20203686,'爱打斗地主'),(20202522,'爱新觉罗仙魔'),(20201012,'爱潜水的乌贼'),(20215474,'爱码字的老男人'),(20203513,'爱虾的鱼'),(20213781,'牙白'),(20207832,'牛云'),(20202929,'牛五花'),(20202404,'牛十八'),(20211335,'牛哥BB'),(20204517,'牛头酋长'),(20201802,'牛更'),(20215410,'牛角弓'),(20204132,'牧牛'),(20200969,'牧狐'),(20201341,'牧童听竹'),(20215277,'牧野在册'),(20214750,'物换星移'),(20215104,'物理教尸'),(20215129,'特别宅哥'),(20214706,'特别白'),(20201031,'犁天'),(20202161,'狂歌笑'),(20211059,'狂海'),(20201525,'狂鲨'),(20209851,'狐写'),(20214801,'狐狸楠'),(20201405,'狗狍子'),(20212158,'独唱'),(20215112,'独孤红虾'),(20203446,'独寒'),(20215448,'独恋一枝花'),(20201718,'独悠'),(20203414,'独枫本尊'),(20208987,'独爱南'),(20211328,'独牧人'),(20202280,'独角木'),(20214675,'独调蓝品'),(20204603,'狮子东'),(20209282,'狮子双鱼'),(20211229,'狱白虹'),(20201715,'狼墨2016'),(20202418,'狼影剑'),(20209248,'狼牙怪兽'),(20210932,'狼途(书坊)'),(20201907,'猎人部落'),(20203520,'猛虎道长'),(20201013,'猪三不'),(20202496,'猪兔同眠'),(20206545,'猪头七'),(20210988,'猪奇骏'),(20204283,'猪小小'),(20214689,'猪有福'),(20201131,'猫喵喵'),(20211265,'猫碗'),(20209352,'猫胡子眼'),(20200950,'猫腻'),(20209819,'猫苍唯'),(20214659,'猫踩老虎背'),(20202385,'猫锐'),(20211251,'玄天凌少'),(20202651,'玄天道尊'),(20210734,'玄幻大神'),(20202652,'玄幻魔法'),(20201561,'玄戈'),(20202004,'玄无言'),(20211172,'玄舞天下'),(20213521,'玄门V云中'),(20210719,'玄阳szm'),(20201056,'玄雨'),(20209206,'玄黄真人'),(20212439,'玉君子'),(20212933,'玉如易'),(20213645,'玉如锦'),(20215306,'玉昵酱'),(20208939,'玉相子'),(20214917,'玉米菠萝'),(20201955,'玉雪阳'),(20212430,'玉露霁华'),(20209444,'玉面老虎'),(20210309,'玉飞'),(20201050,'王不偷'),(20209549,'王之飞机'),(20213775,'王九月'),(20211001,'王十四'),(20215399,'王大仁'),(20209604,'王大公子'),(20201144,'王大忽悠'),(20202113,'王大锤'),(20215425,'王婆种瓜得豆'),(20215307,'王宇樊'),(20215035,'王小蛮'),(20202066,'王少冲'),(20202206,'王巨鹿'),(20209703,'王恒'),(20214976,'王梓钧'),(20206725,'王炎sir'),(20201751,'王炸要不起'),(20211046,'王自生'),(20202616,'王袍'),(20202565,'王青衫'),(20209239,'王非玉'),(20210136,'王饶安'),(20209148,'玫瑰萝卜'),(20210938,'珊瑚蔓'),(20215310,'珵夏'),(20202268,'理千愁'),(20211223,'理想花'),(20213650,'琇瑷玥'),(20202432,'琼姑娘'),(20204275,'瑞恩'),(20201264,'瑞根'),(20215515,'瑶涩'),(20215256,'瑾秋'),(20209541,'瑾轩和瑕'),(20203611,'璃芸'),(20205182,'璇玑心德'),(20212885,'璇羽1417'),(20202738,'瓜果大叔'),(20215451,'瓜瓜乐'),(20209854,'瓜瓜超人'),(20202090,'甘梅帝瓜'),(20214690,'甘蔗奶爸'),(20209745,'甜影'),(20210368,'甜甜的苦瓜'),(20210757,'生欢'),(20202146,'生活很黑白'),(20214966,'生活盖浇'),(20215447,'生花妙笔'),(20215057,'生锈的弹簧'),(20213967,'田十'),(20202240,'田园如梦'),(20201348,'由不得'),(20214893,'甲鱼不是龟'),(20206397,'甲鱼牛宝宝'),(20214697,'申宫若愚'),(20209082,'申黎'),(20202007,'画烟'),(20210328,'界流圭'),(20209003,'番茄肉丝面'),(20214967,'疙瘩丝'),(20201988,'疯子李'),(20202918,'疯橘子'),(20204520,'疯狂冰咆哮'),(20212603,'疯狂小何'),(20211195,'疯狂泽天'),(20210752,'疯狂的小草'),(20205401,'疯狂的萌萌'),(20211347,'疯痴笑'),(20202158,'疯痴笑我'),(20215529,'疯癫的鸭梨'),(20208243,'疯魔萧'),(20205246,'疾风之刃'),(20209302,'痞子阿牛'),(20213930,'痴笑天涯'),(20202736,'癸变泉'),(20211988,'白三爷'),(20210968,'白写'),(20213649,'白凤凰'),(20213031,'白夜燎仙'),(20213715,'白娘子'),(20210153,'白宇惊琼'),(20213509,'白小归'),(20214851,'白小胖'),(20215300,'白当家'),(20211066,'白总bz'),(20202743,'白慕青'),(20215295,'白明弦'),(20211283,'白易尘'),(20205248,'白果树老了'),(20212605,'白水俗'),(20215149,'白沾衣'),(20214786,'白焰'),(20214948,'白王上朝'),(20213923,'白砖'),(20214108,'白蒙蒙'),(20214113,'白蔷薇之夏天'),(20202740,'白银龙马'),(20202868,'白马出淤泥'),(20212699,'白马非鸟'),(20210374,'白鱼入舟'),(20201427,'百世经纶'),(20202608,'百晓点灯'),(20209342,'百里武'),(20209448,'百里潜龙'),(20201250,'百里玺(书坊)'),(20207431,'百里秦川'),(20209314,'百里落樱'),(20201071,'百里龙虾'),(20210718,'百顷云鹤'),(20214939,'皇叔刘司马'),(20211998,'皇子K歌'),(20208992,'皇家不良人'),(20200952,'皇枫'),(20200960,'皇甫奇'),(20201923,'皇甫姗姗'),(20211999,'皓轩'),(20202075,'皖北天狼'),(20203417,'皮卡超忍'),(20214762,'皿目'),(20211361,'盐水煮蛋'),(20215435,'盗与不盗'),(20203632,'盘丝小枣'),(20200997,'盘古'),(20214891,'盘古混沌'),(20208996,'盛夏和初秋'),(20201022,'盛夏微暗'),(20209091,'盛夏离忧'),(20210314,'盛安'),(20205065,'盲青'),(20202294,'直播'),(20214680,'相位行者'),(20213659,'相思尽(书坊)'),(20205005,'相思洗红豆'),(20202459,'相沫渝'),(20209751,'眉小新'),(20203856,'真的老狼'),(20202074,'真言之道'),(20212593,'眼镜盒子'),(20214993,'睡觉会变白'),(20211273,'瞿氏传道'),(20201949,'知不言'),(20201560,'知白'),(20209347,'知白守黑'),(20202686,'知秋'),(20215123,'短刀'),(20201866,'石三'),(20215021,'石人河'),(20215196,'石头成群'),(20202017,'石小丸'),(20207420,'石径荒芜'),(20215138,'石闻'),(20210139,'石龙寒士'),(20215384,'码字小猪'),(20201764,'码字狂神'),(20204523,'砍材人'),(20211228,'破晓之刃'),(20208994,'破空斩'),(20201423,'碧空尽'),(20211189,'祁连雪'),(20202008,'祛风尘'),(20201578,'祝剑'),(20208924,'神之琅琊'),(20208959,'神仙哥'),(20214633,'神凡兵'),(20209232,'神击落太阳'),(20211186,'神初'),(20201517,'神司命'),(20201780,'神圣萝卜'),(20209438,'神奇小呆比'),(20212685,'神机堂'),(20214112,'神树豆腐'),(20209051,'神武之战'),(20202056,'神游方物'),(20215211,'神秘的Y'),(20214962,'神秘道人'),(20209252,'神秘马甲'),(20202472,'神级小胖'),(20202457,'神级黑八'),(20202220,'神经上的舞蹈'),(20214910,'神经有病'),(20211249,'神药'),(20201178,'神见'),(20201902,'神途'),(20211221,'神鬼少年'),(20202962,'神魔两翼'),(20211054,'祸天'),(20202327,'福度小镇(书坊)'),(20209010,'禹四'),(20201061,'禹枫'),(20201123,'禹贺千秋'),(20201827,'离人横川'),(20215167,'离人远'),(20201568,'离剑天涯'),(20213028,'离殇一界思'),(20201833,'离火加农炮'),(20203482,'离火魔牛'),(20202737,'离狂'),(20213727,'秀才会武术'),(20214924,'秀才殺猪'),(20202490,'私下的细语者'),(20213226,'私私私私私欲'),(20209710,'秉笔直书'),(20202356,'秋名杉'),(20201839,'秋夜东风'),(20214670,'秋如意'),(20202643,'秋念'),(20209976,'秋水伊人'),(20202338,'秋风揽月'),(20213004,'秋风散梦'),(20214823,'秒速九光年'),(20212728,'秣陵别雪'),(20209756,'秦受吃白菜'),(20214859,'秦合'),(20214712,'秦少游'),(20201818,'秦时未明'),(20209809,'秦皇不二岳'),(20203444,'程砚秋'),(20213673,'程董市长'),(20205457,'穆毅'),(20201148,'空之云砂'),(20202340,'空天行舟'),(20201847,'空神'),(20202067,'穿越时空的眼'),(20215045,'穿过红尘'),(20211478,'突然光和热'),(20214805,'窝在山村'),(20215532,'窥道'),(20201589,'竖子不可教'),(20202025,'章金带水'),(20214663,'童二姐'),(20211371,'童柯'),(20214305,'童鹏T66'),(20209036,'童齐'),(20209490,'端木伊浩'),(20201860,'端木赐'),(20203651,'竹上猪猪'),(20201998,'竹井心'),(20205989,'竹夏'),(20215271,'竹宴小生'),(20203532,'竹林之大贤'),(20209758,'竹玉儿'),(20215260,'竹筒糯米'),(20215013,'竹管'),(20215274,'竹青夜'),(20214789,'竹香书屋'),(20202862,'笋尖蘑菇汤'),(20201852,'笑南风'),(20212608,'笑天机'),(20203542,'笑弥勒'),(20202295,'笑横刀'),(20209844,'笑看云中龙'),(20202196,'笑论语'),(20202511,'笑谈一下'),(20208951,'笑谈天涯'),(20209011,'笑雨果'),(20215169,'笑面树骑士'),(20201943,'笔下游龙'),(20214646,'笔下生津'),(20201826,'笔下祗喧闹'),(20203438,'笔嘲墨讽'),(20201946,'笔斗'),(20215506,'笔黯'),(20211295,'笙箫戚戚'),(20214831,'笨宅猫'),(20215487,'第7天'),(20201507,'第三颗雪梨'),(20209009,'第三黑马'),(20202619,'第九天命'),(20211204,'第九王爷'),(20202176,'第二面镜子'),(20209105,'第五蓝邪'),(20202383,'第六只乌鸦'),(20213534,'第六洲'),(20211289,'第十人'),(20210974,'第十使徒'),(20209801,'筑梦者'),(20209037,'策虎横刀'),(20212678,'策马笑天下'),(20209531,'简单的笔'),(20205213,'箫亦'),(20211173,'箫诺'),(20214685,'箫轻宇'),(20202130,'箫默'),(20215296,'篱笆寂'),(20209456,'米仓鼠'),(20209795,'米斯特尔杜(书坊)'),(20208980,'籽骏'),(20206564,'粉末'),(20209112,'粉色水杯'),(20202524,'糊涂半仙'),(20203425,'糊涂笑笑'),(20209449,'糊涂鬼'),(20202314,'糖小宝'),(20214311,'糖朵MM'),(20201768,'糖衣古典'),(20209323,'素徒'),(20202745,'索斯'),(20214875,'索索咬豚豚'),(20209146,'紧那罗在唱歌'),(20203858,'紫云星空'),(20213657,'紫云诺'),(20202243,'紫夜血花'),(20201368,'紫宇流星'),(20201840,'紫幻冥动'),(20202267,'紫影修罗'),(20209303,'紫政'),(20208975,'紫新幻风'),(20208998,'紫晶花生'),(20211286,'紫月潇潇'),(20210143,'紫月舞瑶'),(20202687,'紫木万军'),(20215388,'紫狐血'),(20212891,'紫玄心01'),(20214290,'紫琼儿'),(20201338,'紫色天'),(20212601,'紫芹'),(20213716,'紫若姑娘'),(20201100,'紫薇疯爆'),(20201759,'紫薯'),(20213205,'紫藤茉'),(20202145,'紫虚'),(20213203,'紫衣v'),(20209457,'紫辰梦幻'),(20202685,'红叶'),(20202139,'红叶公爵'),(20201978,'红心勺'),(20202498,'红枫叶'),(20211178,'红格格'),(20201548,'红浮屠'),(20202020,'红薯'),(20202475,'红衣朱雀'),(20202746,'红豆香烟'),(20202637,'红金'),(20208945,'红黄绿灯'),(20206729,'约定今生'),(20201065,'纯情犀利哥'),(20214963,'纯洁滴小龙'),(20212615,'纯洁的云'),(20208929,'纯洁的猪猪'),(20210336,'纯洁的韩少'),(20201963,'纯洁的黑兔子'),(20214836,'纯血战五渣'),(20201842,'纯银耳坠'),(20215026,'纳兰凌风'),(20215387,'纳兰初晴'),(20209463,'纳楼兰'),(20209434,'纸上飞雪'),(20209813,'纸扇轻摇'),(20213674,'细尘难防'),(20211018,'细雨枯叶'),(20206560,'终化尘'),(20202386,'终南左柳'),(20209147,'终极成神'),(20208921,'绕指三仙'),(20202070,'绕指青丝'),(20201066,'给力'),(20214684,'给您添蘑菇啦'),(20202103,'绝世好剑'),(20211836,'绝世小刀'),(20211463,'绝世懒虫'),(20201378,'绝世猛人儿'),(20202631,'绝世舞步'),(20211236,'绝望的兔子'),(20212622,'绝谷'),(20203499,'绝谷刀客'),(20214310,'绝辰傲雨'),(20213053,'绝风轩'),(20201370,'继续倔强'),(20215359,'续道'),(20211339,'绯月天歌'),(20206548,'绯梦之羽'),(20214292,'绯衣长袖'),(20202935,'绯雨'),(20212628,'维克里奥'),(20213928,'维昕'),(20209459,'绿满山潇潇雨'),(20202630,'绿红茶'),(20210933,'绿茶流年'),(20201848,'缓慢更新'),(20201783,'缔殇'),(20214798,'缘分0'),(20210740,'缘星空'),(20209060,'缘飞尘'),(20208966,'缥缈星辰'),(20212401,'罗原'),(20203501,'罗家二少'),(20201563,'罗森'),(20210979,'罗森_塔读文学网'),(20214937,'罗汉'),(20209933,'罗玛'),(20202390,'罗辰_塔读文学网'),(20214788,'罗霸道'),(20209692,'罪念沉沦'),(20202426,'羊皮纸'),(20209315,'羊羽公'),(20215495,'美丽的温暖'),(20209084,'美女的专属宠物'),(20213672,'羡青慕羽'),(20202416,'群星陨落'),(20212700,'羽之暗克'),(20212875,'羽云鸟'),(20209122,'羽化若尘'),(20202326,'羽庸龙'),(20215304,'羽扇'),(20211077,'羽杀'),(20209744,'羽羽然'),(20212693,'羿日兄弟'),(20209729,'翔炎'),(20213489,'翠花'),(20202211,'翠花(书坊)'),(20212675,'翳忧'),(20201945,'翻滚的硬币'),(20211269,'翻滚的蟑螂'),(20201958,'翼生'),(20202285,'翼鱼'),(20201554,'耀火'),(20210970,'老三发飙'),(20214802,'老井古柳'),(20213529,'老修'),(20214325,'老僧说法'),(20202331,'老十三哥'),(20201855,'老吴乡长'),(20204234,'老告'),(20202345,'老四1955'),(20208978,'老大有福'),(20207418,'老小伙'),(20202696,'老施'),(20201150,'老枪在手'),(20209494,'老樵的刀'),(20202028,'老温不老'),(20209068,'老炎'),(20202460,'老牛十八岁'),(20202674,'老猪'),(20210369,'老茶坊'),(20201510,'老萧'),(20210736,'老虎四月'),(20210123,'老街古巷'),(20215273,'老街橘子'),(20201498,'老衲不能吃素'),(20214972,'老辰'),(20202694,'老骚'),(20202168,'老黑'),(20213014,'老齐'),(20212390,'老齐说书'),(20210910,'耒夕'),(20205154,'耗子扛大刀'),(20203597,'耗子欺负猫'),(20211188,'耳东水寿'),(20214965,'耳根'),(20213514,'聂九'),(20215285,'聂小静'),(20202289,'聂心'),(20202287,'聆听风语'),(20211179,'聪明白痴'),(20210146,'肃兔'),(20211045,'肉不欢'),(20210333,'肉猫团子'),(20201519,'肥面包'),(20202646,'肥鱼很肥'),(20202691,'肥鱼马甲'),(20214974,'育'),(20209499,'肾太虚'),(20202657,'背着家的蜗牛'),(20202528,'胖头鱼'),(20214992,'胖子土豆豆'),(20203546,'胖子爱吃炖豆角'),(20202269,'胜利之鹰gavin'),(20201379,'胜己'),(20209484,'胜言'),(20209743,'胡少龙'),(20210332,'胡文彦'),(20202384,'胡霜拂剑'),(20211393,'胡鳕'),(20208967,'脏小强'),(20203488,'脸帝'),(20210119,'腾痛'),(20201142,'腿毛'),(20210325,'自在天'),(20214656,'自恋白'),(20201767,'自然派蛋卷'),(20214638,'自由遐想'),(20201099,'至尊千寻'),(20212682,'至尊辉少'),(20202102,'至尊鱼'),(20202272,'至高杰作'),(20202052,'舒畅'),(20211226,'舒长歌'),(20208960,'舜水微浪'),(20201309,'舞云翼'),(20202115,'舞动九重天'),(20201999,'舞动精灵'),(20212156,'般舟'),(20212931,'良一一'),(20202725,'良家公子'),(20209488,'良爵爷'),(20212396,'良驹1990'),(20209123,'艳娇兰'),(20215530,'艳阳'),(20215430,'艺术为佳'),(20209446,'艾瑞莉娅小童鞋'),(20215288,'艾萝莉'),(20214109,'芊潇潇'),(20215438,'芊舞'),(20213743,'芒果奈奈'),(20201937,'芥子客'),(20209811,'芥子须弥三虎'),(20215214,'花不弃'),(20203634,'花凌潇'),(20215074,'花十八朵'),(20201919,'花家大少'),(20213683,'花小颜'),(20209845,'花开的石头'),(20201805,'花开话语'),(20211352,'花漫林'),(20202504,'花火馒头'),(20206533,'花生爱毛豆'),(20215413,'花田篱下'),(20202359,'花羽少'),(20202064,'花落唯窈'),(20215222,'花都大少'),(20201539,'花颜'),(20209056,'花飞凤'),(20215446,'花饮'),(20215250,'芸乔'),(20200961,'苍天白鹤'),(20201274,'苍天霸主'),(20215053,'苍山虎'),(20202136,'苍月夜'),(20202308,'苍梧腾仙'),(20211056,'苍浪天'),(20201703,'苍狼望月'),(20210754,'苍狼笑月'),(20211351,'苍穹战狼'),(20214630,'苍蝇尾巴'),(20209493,'苏南海'),(20202724,'苏子1990'),(20203607,'苏小暖'),(20213517,'苏情深i'),(20202065,'苏意安'),(20201038,'苏月夕'),(20215360,'苏清绾'),(20209741,'苏白'),(20215316,'苏眠说'),(20212679,'苏艺卿'),(20213039,'苏苏火火'),(20209479,'苏远明'),(20213554,'苏颜褶'),(20205447,'若安息'),(20202023,'若痴情'),(20214313,'若繁星'),(20201709,'若雨随风'),(20214557,'若雪三千'),(20203855,'苦书生'),(20210099,'苦哈哈'),(20209359,'苦海一闲人'),(20209300,'苦粥'),(20208964,'英气非凡'),(20211822,'英雄很寂寞'),(20201970,'英雄波澜舞曲'),(20215158,'范无救'),(20202271,'茗泽'),(20203609,'茶山杨梅'),(20215251,'茶暖'),(20201053,'荆柯守'),(20200996,'草根'),(20203697,'草莓蛋黄派'),(20207424,'荒凉记忆'),(20214999,'荒唐道士'),(20211025,'荒城阿飞'),(20214766,'荒天帝'),(20209932,'荒野奔雷.CS'),(20211208,'荡荡幽幽'),(20201372,'药王爷'),(20215429,'荷兰没有小公猪'),(20211174,'莉纸'),(20202466,'莫乱与'),(20209782,'莫名轩'),(20215194,'莫向晚'),(20215249,'莫小球'),(20213722,'莫小薇'),(20214658,'莫左'),(20209970,'莫语听风吟'),(20214276,'莫诺言羽'),(20209227,'莫道君行晚'),(20213647,'莫颜汐'),(20201201,'莫默'),(20213412,'莲华之物'),(20201788,'莳月'),(20209061,'菜农种菜'),(20213746,'菜心卷和豆豆'),(20203692,'菩提树下'),(20201872,'萌元子'),(20203518,'营候鼓'),(20213486,'萧一城'),(20215437,'萧也'),(20202735,'萧光年'),(20212438,'萧夜'),(20213062,'萧宝贝'),(20211342,'萧家药师'),(20201573,'萧寒本尊'),(20209224,'萧江南'),(20201015,'萧潜'),(20200958,'萧瑾瑜'),(20211192,'萧生'),(20205446,'萧禹'),(20202073,'萧离1'),(20209247,'萧舒'),(20213968,'萧萧可乐'),(20213668,'萧萧月印'),(20202088,'萧萧落木'),(20201122,'萧风飞羽'),(20214645,'萨蛮野'),(20213537,'萨达哈鲁汪'),(20202728,'落凡留声'),(20209322,'落叶仙'),(20212434,'落叶枯指'),(20214840,'落地飞鹰'),(20209081,'落子青云'),(20201105,'落寂天星'),(20202669,'落寒花'),(20211028,'落寞的影子'),(20202708,'落尘'),(20209491,'落尘之泪'),(20201829,'落日之泪'),(20210150,'落星宸.CS'),(20213414,'落水江湖'),(20206395,'落笔写春秋'),(20208934,'落笔成双'),(20207838,'落第小生'),(20203859,'落花前路'),(20210755,'落雨星辰'),(20208970,'落非鱼'),(20202026,'落魄小侯爷'),(20201776,'葆星'),(20215346,'著梦人'),(20211003,'葡萄炒玉米'),(20214997,'董湘'),(20202856,'葬峰绝'),(20212710,'葬掩'),(20209693,'葬道疯魔'),(20202387,'蒋胜男'),(20215319,'蒙孟'),(20201976,'蒙白'),(20202312,'蒙面加菲猫'),(20201707,'蒜书'),(20205442,'蒸汽蛋'),(20214298,'蓝伽'),(20201334,'蓝叶先生'),(20215043,'蓝域'),(20214307,'蓝家三少'),(20202717,'蓝就'),(20201904,'蓝岚'),(20202471,'蓝庭'),(20209539,'蓝影残虹'),(20209059,'蓝梦情_逐浪小说'),(20211222,'蓝牛'),(20205242,'蓝田石'),(20202027,'蓝色苹果'),(20214791,'蓝豆生南国'),(20201584,'蓝领笑笑生'),(20213735,'蔚三爷'),(20214297,'蔚蓝海'),(20214839,'蔡晋'),(20209766,'蔷薇花帝'),(20213652,'蕾筱嫣_夜半昙'),(20215189,'薄荷叶时代'),(20209263,'薛之芊'),(20201008,'薪意'),(20211014,'薯大帝'),(20202216,'蘑菇大大王'),(20215329,'蘑菇糖糖'),(20215145,'虎万行'),(20213788,'虎喵喵'),(20214767,'虎皮猫大人'),(20210753,'虎眸'),(20215017,'虎贲中郎'),(20214799,'虎躯常震'),(20202114,'虐心不知心'),(20204146,'虚尘'),(20201928,'虚无厓'),(20201253,'虚眞'),(20202730,'虚空仙人'),(20211394,'虚空小鱼'),(20215095,'虫2'),(20214914,'虾写'),(20201293,'虾米XL'),(20215127,'蚀月纯黑'),(20209534,'蚂蚁愛上树'),(20201004,'蚕茧里的牛'),(20202509,'蛇吞鲸'),(20214830,'蛊真人'),(20213734,'蛋黄超人'),(20201382,'蛐蛐不是蝈蝈'),(20208933,'蜀南小道'),(20204511,'蜀南辰剑'),(20202476,'蜀州三狼'),(20201602,'蜀狂人'),(20201121,'蜀道清风'),(20202116,'蜂巢蛹动'),(20202858,'蜊黄大帝'),(20201774,'蜗牛之神'),(20202297,'蜗牛向前冲'),(20204144,'蜗牛狂奔'),(20210125,'蜻蜓'),(20201010,'蝴蝶蓝'),(20212627,'血宴冥羽'),(20210742,'血浴翎'),(20201873,'血玉瞳'),(20200973,'血红'),(20209472,'血羽天堂皇'),(20209435,'血色King'),(20201496,'血色精灵'),(20212691,'血虹渊'),(20209304,'行年'),(20209275,'行空.CS'),(20215350,'衍聪'),(20201940,'衣冠似雪'),(20209339,'衣冠如雪'),(20201305,'衣冠胜雪'),(20215419,'袁紫'),(20211360,'袍哥'),(20215343,'被狙击的魔王'),(20201272,'被罚站的豆豆(书坊)'),(20213413,'被风追逐着'),(20211047,'裸露的松树'),(20215394,'裹衣花生'),(20201107,'褚师晗寒01'),(20201490,'西山谣'),(20202423,'西方金'),(20201403,'西来'),(20209258,'西梁'),(20215038,'西楚中原'),(20203470,'西楼邀月'),(20215407,'西欢语'),(20215422,'西海1'),(20203507,'西游豆'),(20204149,'西瓜切一半'),(20210749,'西瓜大熊猫'),(20209351,'西装先生'),(20213680,'西装先生(书坊)'),(20203853,'西襄子'),(20215291,'西西弗斯'),(20209738,'西贝猫'),(20214778,'西门吹灯零零七'),(20209340,'西门极'),(20203481,'西门飘血'),(20214810,'西闷庆'),(20213542,'西风怒'),(20210935,'西风的幻想'),(20202129,'覆手天下'),(20202293,'观云海'),(20202676,'观棋'),(20203527,'观海公子'),(20201367,'观语'),(20209324,'观阴明道'),(20201406,'观鱼'),(20215356,'解语'),(20206568,'言不说'),(20209106,'言九顶'),(20214652,'詠秋'),(20215420,'誓言灬爱的年华'),(20214101,'记忆两年'),(20211202,'诀尘衣'),(20202430,'试剑天涯'),(20202938,'诗瑶的老爸'),(20213060,'诠奇'),(20215159,'诡眩界'),(20202863,'语成'),(20201851,'语无伦次'),(20209067,'语无穷'),(20201461,'误道者'),(20213717,'说三道四'),(20210312,'说书人'),(20214922,'请叫我蜜蜂'),(20210951,'请叫我酱油哥'),(20202134,'请给我一个梦'),(20202965,'诸天星河'),(20201291,'诸生浮屠'),(20212665,'诸神陨落'),(20209545,'诸葛卧龙'),(20213552,'诸葛钢蛋'),(20211391,'谈笑不风生'),(20214898,'谋逆'),(20201719,'谢庄十三少'),(20212385,'谢浪'),(20212734,'谨言I'),(20209430,'谷清笑山'),(20209480,'豆娘'),(20209734,'豆子惹的祸'),(20201518,'豆豆司令'),(20210723,'豆豆的影子'),(20209256,'豆鲨'),(20209807,'象棋王子'),(20201968,'貌似有财'),(20211042,'贪吃的喵'),(20215153,'贪狼独坐'),(20214301,'贪睡de猫'),(20201255,'贪睡的龙'),(20211833,'贫僧法号三丈'),(20211199,'贫道钱途无量'),(20202428,'贰加壹'),(20211058,'贺某人'),(20209600,'贼道三痴'),(20201091,'资产暴增'),(20202014,'赢无月'),(20215450,'赤恋'),(20202226,'赤色幻想'),(20211194,'赤金'),(20215143,'赫墨'),(20213543,'赫连清雅'),(20202389,'走路去天边'),(20211825,'赵群星'),(20209856,'赶着猪放学'),(20202531,'起点小槐树'),(20202391,'起落凡尘'),(20203695,'超侧卫'),(20204142,'超神蛋蛋'),(20203471,'超级奶爸'),(20213519,'越黄昏'),(20214678,'跃千愁'),(20203494,'跑盘'),(20202164,'路书'),(20202236,'路书一阁'),(20202141,'路灯下的亡灵'),(20214813,'路过的穿越者'),(20210724,'跳子琪'),(20202001,'跳舞'),(20201572,'跳舞的傻猫'),(20202166,'踏月寻芳'),(20211008,'踏破八荒'),(20201086,'踏雪真人'),(20212687,'蹀血'),(20215502,'轨迹图图'),(20201553,'轩樟'),(20215049,'轩辕唐唐'),(20206723,'轩辕洛'),(20215528,'转身低语'),(20211071,'轮回十世'),(20213051,'轮舞'),(20212383,'轻声戏语'),(20215301,'轻寒天明'),(20214111,'轻心'),(20212686,'轻松写意'),(20210364,'轻狂影邪'),(20209040,'轻盈如水'),(20201504,'轻落语'),(20208984,'轻语微音'),(20203539,'轻风随行'),(20211250,'辉夜琼主'),(20203608,'辉煌战狼'),(20201468,'辛老五'),(20215055,'辣椒雪碧'),(20214785,'辣炒花蛤'),(20200967,'辰东'),(20202089,'辰央君'),(20212886,'辰昸'),(20203529,'辰机唐红豆'),(20209020,'辰源'),(20203599,'辰燃'),(20202966,'辰风狼舞'),(20202465,'边境沙僧'),(20211191,'过眼烟'),(20209108,'进击的奶爸'),(20209538,'进锅的鱼'),(20211464,'远山梦'),(20205445,'远瞳'),(20210961,'违章'),(20201841,'连天红'),(20211227,'连玦'),(20204516,'迷之惊叹号'),(20207770,'迷失者山风'),(20211353,'迷惘书童'),(20215114,'迷茫的蛇'),(20202627,'迷路的鱼'),(20204524,'迷路行者'),(20215431,'迷途的白鸽'),(20203510,'追忆夜魄'),(20209718,'追梦有泪'),(20201790,'追路'),(20201910,'追风听雨'),(20209337,'追风狂人'),(20209254,'追风白凰'),(20213057,'追风逐云'),(20215516,'退而结网'),(20211069,'逆天罚鳞'),(20204614,'逆天而翔'),(20211340,'逆楚'),(20209475,'逆流辰'),(20201002,'逆苍天'),(20203644,'逆苍生'),(20201054,'逆运'),(20212617,'逍遥临风'),(20202523,'逍遥李大少'),(20201853,'逍遥的二哥'),(20211237,'逍遥神牛'),(20211065,'逍遥至上'),(20202123,'逍遥邪少J'),(20211057,'逗破苍穹s'),(20214870,'造福人类的丧'),(20202726,'逸梦千秋'),(20213005,'遇水如火'),(20200955,'道在不可见'),(20201347,'道格先森'),(20211830,'道灵轩'),(20213009,'遥喵喵'),(20202009,'遥望南山'),(20202480,'邀云月上'),(20209316,'邓森'),(20201431,'那一抹绯红'),(20211106,'那时的蜗牛'),(20209606,'那是大神'),(20209780,'邪小桐'),(20201231,'邪影'),(20212437,'邪水天平'),(20203476,'邪羊'),(20201845,'邵小白'),(20201991,'邵羽'),(20201157,'郁真羽'),(20202260,'郎公子'),(20211040,'郑梦飞'),(20209118,'郑能亮'),(20203537,'郭敬明'),(20202514,'都尉Q'),(20201908,'都市中的仙人'),(20202282,'酒中酒霸'),(20214958,'酒剑久久'),(20215229,'酒多麻呆'),(20213476,'酒学士'),(20213227,'酒是陈的香'),(20201720,'酒池醉'),(20200989,'酒煮核弹头'),(20214843,'酒葫芦'),(20202501,'酒阙'),(20207837,'酥笔'),(20209311,'酷匠网人在天涯'),(20209103,'酷匠网周大少'),(20202058,'酷匠网天天抹粉嫩唇彩'),(20211041,'酷匠网妖九拐六'),(20214323,'酷匠网幺十三'),(20213740,'酷匠网本人无名'),(20209777,'酷匠网李少'),(20213750,'酷匠网梅树公子'),(20213748,'酷匠网紫晶石'),(20209746,'酷匠网老三'),(20211346,'酷匠网醉雨希'),(20211038,'酷匠网霸天'),(20211354,'酸才子'),(20212644,'酸酸风'),(20209554,'醉上空城'),(20210992,'醉不乖_塔读文学网'),(20211993,'醉卧西风'),(20215209,'醉卧青阁'),(20211344,'醉幽影'),(20202604,'醉心红尘'),(20212431,'醉想potato'),(20202205,'醉梦红辰'),(20202111,'醉梦落花'),(20209290,'醉橘子'),(20201912,'醉清风'),(20209940,'醉游子'),(20201524,'醉点江山'),(20202263,'醉狮血'),(20215424,'醉笑金'),(20209001,'醉舞幽篁'),(20201181,'醉虎'),(20213477,'醉言辞'),(20210978,'醉酒共千河'),(20208946,'醉酒怡院'),(20211243,'醋溜土豆块'),(20202235,'醛石'),(20209730,'重新飞起来'),(20209087,'重逢众生如故人'),(20215512,'重金属男孩'),(20202307,'重阳九月'),(20202433,'野上之风'),(20211021,'野书生'),(20210124,'野山黑猪'),(20213508,'野蛮的表妹'),(20202118,'量子弦'),(20212387,'金二少'),(20202209,'金圣叹'),(20214822,'金属裂纹'),(20201522,'金峰无缺'),(20214755,'金沙流水'),(20215147,'金波滟滟'),(20206543,'金炎'),(20213520,'金牌人生'),(20202633,'金色茉莉'),(20214718,'金钱到家'),(20214724,'金铃动'),(20213726,'金银童'),(20213776,'金银错'),(20213481,'金鳞太子'),(20214770,'金鳞非凡物'),(20210142,'鑫星星'),(20214669,'鑫鑫麻'),(20214981,'鑫飞翔'),(20214820,'钟十一'),(20202926,'钟神秀'),(20215099,'钟离轩'),(20201381,'钦定'),(20213220,'钱朵朵'),(20201151,'钴蓝'),(20201530,'铁手追命'),(20210112,'铁背小强'),(20202942,'铁血丹心'),(20209861,'铁重'),(20209226,'铁锅炒菠菜'),(20201714,'铁马飞桥'),(20211009,'铂金色'),(20210363,'铃兰公爵'),(20215253,'铜陵小王子'),(20209308,'银子多多'),(20202699,'银灰冰霜'),(20210107,'银羽月光'),(20209298,'锅盖上的貓'),(20209136,'锋利的柴刀'),(20202670,'锦不笔'),(20209090,'锦小溪'),(20201858,'锦瑟轩'),(20209727,'键盘的灰'),(20202106,'锯兔'),(20210326,'镇海扶心'),(20215036,'镔铁'),(20208965,'镜中风月'),(20213214,'镰仓的海'),(20202076,'长剑当歌'),(20209855,'长夜听风'),(20211200,'长天一剑'),(20215508,'长宫'),(20214635,'长柳七七'),(20202622,'长歌扬'),(20213738,'长生千叶'),(20212890,'长白飞雪'),(20211015,'长空无双'),(20203678,'长耳光店仙'),(20203676,'长虹贯月'),(20210115,'门里千军'),(20201994,'闪电飞豆'),(20210118,'闫昆'),(20215262,'闭眼的波斯猫'),(20203530,'闲坐阅读'),(20202367,'闲梦妄言'),(20212001,'闲茶淡饭'),(20210747,'间隙'),(20215539,'闷骚一枚'),(20215180,'闷骚小贱猫'),(20210934,'闻人陌'),(20202398,'阎ZK'),(20210377,'阑珊亭'),(20212441,'阳九东'),(20209798,'阳光小叶'),(20215475,'阴阳两仪'),(20201772,'阿彩'),(20201811,'阿西八'),(20215461,'陆七'),(20201020,'陆摇'),(20202110,'陆璐'),(20201987,'陆茶'),(20202527,'陆长弓'),(20209477,'陆长松'),(20215543,'陇上清风'),(20201339,'陈二发'),(20201115,'陈十三郎'),(20215213,'陈坚强'),(20202019,'陈小羊'),(20201771,'陈森然的右手'),(20211055,'陈汤剩饭'),(20210726,'陈猿'),(20200959,'陈词懒调'),(20202921,'陈辉'),(20215062,'陈风笑'),(20211169,'陌上人如玉'),(20215376,'陌上沙'),(20209002,'陌家军师'),(20212638,'陌影无情'),(20210721,'陌染痕'),(20214707,'陌紫阳'),(20204510,'陨落星辰'),(20211330,'随云追梦'),(20212602,'随心与随性'),(20201505,'随散飘风'),(20201436,'隐为者'),(20213228,'难难'),(20209319,'难颜'),(20211184,'雁北遗风'),(20209297,'雁情'),(20214317,'雄启'),(20201916,'雄霸天下'),(20203434,'雅园弄墨'),(20209293,'雍容典雅'),(20209274,'雨后添晴'),(20212610,'雨夜无歌'),(20201552,'雨夜猫头鹰'),(20209073,'雨夜踏雪'),(20206398,'雨夜魂'),(20213553,'雨旗'),(20204136,'雨暮浮屠'),(20201483,'雨水'),(20202923,'雨落尘扬'),(20210729,'雨落采薇'),(20213545,'雨辰0459'),(20201550,'雨辰宇'),(20210361,'雨魔'),(20209055,'雪兆'),(20214324,'雪冷凝霜'),(20203547,'雪参'),(20211210,'雪城飞狐'),(20208995,'雪夜寒冰'),(20201389,'雪尽冬流'),(20209207,'雪影小虎'),(20215128,'雪恋1988'),(20214682,'雪沁初梦'),(20209228,'雪灵之魂'),(20202305,'雪灵脂'),(20213038,'雪舞天下'),(20213003,'雪藏谷主'),(20215235,'雪陌荼'),(20211176,'雪黎儿'),(20201787,'零下5度01'),(20200964,'零下九十度'),(20204232,'零号知了'),(20210943,'零度流浪'),(20212694,'零我幻丁'),(20201494,'零零九'),(20201992,'零零捌'),(20201570,'雷云风暴'),(20202142,'雷文D维克萨斯'),(20201832,'雷杀'),(20208253,'雾外江山'),(20213216,'霂柏'),(20213047,'霜火'),(20201725,'霞飞双颊'),(20214906,'青史尽成灰'),(20202395,'青城之恋'),(20202869,'青山失魂'),(20202510,'青幕山'),(20201834,'青录'),(20202672,'青春如火'),(20209936,'青木林曦'),(20208977,'青枳皮'),(20215109,'青椒蛋奶'),(20202650,'青漠雨'),(20202270,'青灯映白发'),(20210360,'青灵_红杉万橡'),(20201959,'青狐妖'),(20205985,'青痕十一少'),(20200951,'青石细语'),(20209775,'青红紫绿'),(20201441,'青翼蝠王'),(20212595,'青菜扮豆腐'),(20213223,'青酒半盏'),(20215547,'青青泪'),(20201261,'青鸾峰上'),(20212927,'青龙梦凌君'),(20201591,'静夜寄思'),(20201711,'静官'),(20214671,'静止的烟火'),(20202410,'静水留'),(20213510,'静燃'),(20202094,'静磨剑'),(20209783,'静舟小妖'),(20209346,'非墨即白'),(20213778,'非常特别'),(20215078,'非清'),(20207426,'非风非云'),(20215077,'面红耳赤'),(20204609,'韦小宝'),(20202364,'韩逍遥'),(20204514,'韩门公子'),(20211209,'韩降雪'),(20202097,'韭菜大冰棒'),(20213211,'音乐宝宝'),(20211180,'音尘郁金香'),(20202361,'韶华可倾君不负'),(20213204,'顶替专家'),(20214272,'项华'),(20201143,'顺岑'),(20215408,'须尾俱全'),(20213648,'顾倌'),(20209287,'顾凤衣'),(20215313,'顾惜之'),(20201932,'顿顿蛋炒饭'),(20202231,'颂桥'),(20203637,'颓废的宅男'),(20201076,'颓废的烟121'),(20210957,'颜凉雨'),(20214318,'颜柒染'),(20201497,'风一色'),(20206567,'风中黑袍'),(20209498,'风云动'),(20202193,'风傲雪'),(20201005,'风凌天下'),(20208242,'风口的猪'),(20202358,'风吹焰'),(20202723,'风圣大鹏'),(20215275,'风小夕'),(20211996,'风尘子'),(20211214,'风情狂笑'),(20202624,'风无影踪'),(20209094,'风无求'),(20209537,'风晨天下'),(20207429,'风晨紫'),(20202660,'风月'),(20201278,'风消逝'),(20201513,'风狂笑'),(20203593,'风痕蝶影'),(20202722,'风翔宇'),(20212703,'风落红尘'),(20213779,'风蝉'),(20210993,'风行者_塔读文学网'),(20212436,'风语阑絮'),(20202409,'风起夏天'),(20215292,'风起天阑'),(20215234,'风起闲云'),(20201230,'风轻扬'),(20209466,'风逐一'),(20207769,'风雨夜倾城'),(20214877,'风雨淅淅'),(20211061,'风雪凋零雨'),(20213925,'风霜勇士'),(20201128,'风青衣'),(20201027,'风青阳'),(20215409,'飘依雨'),(20212403,'飘无踪'),(20202704,'飘渺切菜01(书坊)'),(20209113,'飘渺尘灭'),(20202636,'飘渺梦'),(20201562,'飘渺的冰蓝'),(20206721,'飘荡的云'),(20212701,'飘随风行.CS'),(20202125,'飘零幻'),(20203472,'飘风虎牙'),(20202420,'飞向太阳'),(20201019,'飞天鱼'),(20202252,'飞奔的蜗牛'),(20214653,'飞扬尘埃'),(20202713,'飞燕'),(20210994,'飞言走笔'),(20201336,'飞起来的菜'),(20209318,'飞雪忧曳'),(20210313,'飞飞语'),(20210358,'飞飞飞飞_飞卢'),(20209424,'飞鼠'),(20212614,'飞龙太虚'),(20202640,'食人玩具'),(20201039,'食堂包子'),(20202478,'食百骸'),(20203630,'食色君'),(20214723,'饕炁'),(20211035,'饭浓茶淡'),(20213751,'饼干饼干'),(20215278,'馋嘴猴'),(20201270,'香樟店下'),(20209129,'香烟的世界'),(20215061,'香草紫豆芽'),(20207771,'香菇油菜'),(20203415,'马一角'),(20202400,'马羽辰馨'),(20215136,'驾雾'),(20214797,'骁骑校'),(20202127,'骆驼祥子'),(20201565,'骑猪南下'),(20201047,'骑着蜗牛去旅行'),(20201856,'骑着青牛的猪'),(20210991,'骑驴的书生'),(20208988,'骚年不知愁滋味'),(20201386,'骷髅精灵'),(20214110,'高二狼'),(20202244,'高冷的沐小婧'),(20202096,'高坡_塔读文学网'),(20212712,'高山侃流水'),(20213669,'高帅不富'),(20214764,'高慕遥'),(20201867,'高手'),(20215243,'高朝阳'),(20204236,'高森'),(20201180,'高楼大厦'),(20212683,'高步云飞'),(20212720,'高铁'),(20208969,'鬼悠'),(20213036,'鬼点子'),(20202852,'鬼神笑'),(20212738,'鬼笔文刀'),(20202529,'鬼舞沙'),(20201824,'鬼谷仙师'),(20211473,'鬼鼠'),(20212640,'魂二'),(20213549,'魂天火'),(20202422,'魂牵辣田鸡'),(20215507,'魅夜水草'),(20214908,'魅男'),(20209460,'魅眸雪寒'),(20211230,'魏子'),(20202461,'魔力的火焰'),(20212818,'魔力瞎'),(20209038,'魔尊'),(20207416,'魔思'),(20209338,'魔杰公子'),(20202625,'魔法大喵'),(20203571,'魔神吞天'),(20212692,'魔神王者'),(20209603,'魔罗无方'),(20202149,'魔蝎座'),(20215106,'魔语冰殇'),(20202605,'鱼与飞鸟'),(20209012,'鱼丸'),(20203693,'鱼丸酱醋米'),(20201070,'鱼头初六'),(20210981,'鱼排一块五_塔读文学网'),(20201541,'鱼的天空'),(20212892,'鱼跃天空'),(20211031,'鱼龙舞'),(20212432,'鲜花生'),(20214996,'鲜虾米'),(20210133,'鲲鹏听涛'),(20202173,'鳕叶儒陌'),(20202419,'鴌鴌珠玑'),(20214713,'鸡公山伯爵'),(20209708,'鸡冠刺桐'),(20215258,'鸢时i'),(20215382,'鸿华'),(20212735,'鸿源'),(20201579,'鸿蒙树'),(20209285,'鸿雁若雪'),(20214790,'鹅是老五'),(20202452,'鹤旷'),(20215257,'鹿家少爷'),(20213048,'鹿晴歌'),(20214631,'麟昙'),(20211049,'麟醉葬誓'),(20213010,'麦冬麦'),(20201792,'麻汁豆角'),(20204525,'麻烦'),(20204242,'黄山忆'),(20211010,'黄山阁'),(20202967,'黄牛冠'),(20202502,'黄粱煮梦'),(20215245,'黄老邪的玉箫'),(20202062,'黄裳元吉'),(20205984,'黄金左手'),(20201803,'黄金时代'),(20202245,'黄金沙加'),(20202448,'黄金海岸'),(20213666,'黎夜的幻想'),(20209301,'黎昕'),(20213745,'黎莫陌'),(20211206,'黑丝袜、性感'),(20214711,'黑十三郎'),(20201089,'黑土冒青烟'),(20202190,'黑夜de白狼'),(20201129,'黑夜天堂'),(20214647,'黑夜温度'),(20209465,'黑天魔神'),(20201366,'黑山老农'),(20214278,'黑山苍鸟'),(20202215,'黑心的粉毛'),(20200968,'黑暗火龙'),(20210947,'黑炭头'),(20213507,'黑眼圈不要啊'),(20210311,'黑眼圈儿'),(20214763,'黑瞳王'),(20202325,'黑籍'),(20213732,'黑糖煮酸梅'),(20201535,'黑翼剑士'),(20215162,'黑色头发的天使'),(20210998,'黑色柳丁_幻文小说网'),(20209439,'黑色的单车'),(20212926,'黑色风信子'),(20208999,'黑袍'),(20201765,'黑袍老祖'),(20215016,'黑袍雷斯林'),(20202659,'默幽'),(20209496,'默煜'),(20202199,'默语沉言'),(20214973,'默默无文'),(20214862,'默默而作'),(20215046,'黯夜魔导师'),(20201280,'黯然销魂'),(20211005,'黯然飘烟'),(20201435,'鼎七'),(20208931,'鼎天ing'),(20202969,'鼎定九天'),(20214909,'鼎故革新'),(20213488,'鼻涕龙'),(20202288,'齐佩甲'),(20202716,'龙七二十一'),(20212748,'龙不器'),(20201836,'龙人'),(20210982,'龙傲天'),(20202936,'龙千言'),(20202697,'龙城飞骑'),(20202247,'龙大人'),(20202518,'龙棘子'),(20201139,'龙楠哥'),(20202443,'龙王的贤婿'),(20209104,'龙环'),(20211050,'龙聆海'),(20202194,'龙腾万里'),(20211012,'龙腾青山'),(20202342,'龙说'),(20213525,'龙霆'),(20202092,'龙骑'),(20203487,'龙骑龙');
/*!40000 ALTER TABLE `author` ENABLE KEYS */;
UNLOCK TABLES;

--
-- Table structure for table `book`
--

DROP TABLE IF EXISTS `book`;
/*!40101 SET @saved_cs_client     = @@character_set_client */;
 SET character_set_client = utf8mb4 ;
CREATE TABLE `book` (
  `Id` int(45) NOT NULL AUTO_INCREMENT,
  `bookId` int(45) NOT NULL,
  `authorName` varchar(45) NOT NULL,
  `bookName` varchar(45) NOT NULL,
  `status` varchar(45) NOT NULL,
  `updateTime` datetime NOT NULL,
  `createTime` datetime NOT NULL DEFAULT '2010-10-01 00:00:00',
  `Introduction` varchar(1000) NOT NULL,
  `bookImg` varchar(256) NOT NULL DEFAULT '/images/bookImgDefault.jpg',
  `bookVisits` int(45) NOT NULL DEFAULT '0',
  `bookTypeId` int(20) DEFAULT NULL,
  PRIMARY KEY (`Id`),
  UNIQUE KEY `bookId_UNIQUE` (`bookId`),
  UNIQUE KEY `Id_UNIQUE` (`Id`),
  KEY `authorNamefore_idx` (`authorName`)
) ENGINE=InnoDB AUTO_INCREMENT=872 DEFAULT CHARSET=utf8;
/*!40101 SET character_set_client = @saved_cs_client */;

--
-- Dumping data for table `book`
--

LOCK TABLES `book` WRITE;
/*!40000 ALTER TABLE `book` DISABLE KEYS */;
INSERT INTO `book` VALUES (96,6,'骷髅精灵','星战风暴','1','2018-04-10 00:00:00','2010-10-01 00:00:00','军校考试临近，二十八的基因数被直接取消了考试资格。替朋友送个情书，结果却掉到了湖中，殉情之名不胫而走。王铮同学第一次收到礼物，却像是进入了炼狱……然而，当一切结束，王同学开始了幸福的大学生活，热血永恒，这是风暴进行曲，这是最凶猛最热血的机甲狂潮！\n','http://r.m.biquge5200.com/files/article/image/0/6/6s.jpg',0,6),(97,12,'鸿蒙树','万族王座','0','2016-01-30 00:00:00','2010-10-01 00:00:00','　　天道被斩断，蓝星走向没落！万族林立，群雄并起，这是一个强者争霸的时代！从蓝星而来，携魔功登上波澜壮阔的舞台，战天斗地，一路挥刀……－－－－－－－－－－－－－－－－－－\n','http://r.m.biquge5200.com/files/article/image/0/12/12s.jpg',0,1),(98,20,'葫芦村人','超级制造帝国','0','2016-01-30 00:00:00','2010-10-01 00:00:00','专业翻新核弹头，潜艇抛光，回收二手航母，大修核反应堆，设计超光速飞船；批发各种战斗机及各种核武器，量大从优；航天飞机保养，超高空作业设备定制；轨道卫星除尘……什么？我们广告是吹牛？一看到自己负责的网\n','http://r.m.biquge5200.com/files/article/image/0/20/20s.jpg',0,3),(99,15,'甲鱼不是龟','大泼猴','1','2020-10-13 00:00:00','2010-10-01 00:00:00','我知道天会愤怒。如果人触犯了它的威严。但天是否知道人也会愤怒？如果他已一无所有。当我乞求时，你傲慢冷笑。当我痛哭时，你无动于衷。现在我愤怒了。我知道天会愤怒。但你知道天也会颤抖吗？苍穹动摇时，我放声狂笑，挥动如意金箍棒，砸它个天翻地覆！一万年以后，你们还会记住我的名字——齐天大圣孙悟空！\n','http://r.m.biquge5200.com/files/article/image/0/15/15s.jpg',0,2),(100,25,'情终流水','星河巫妖','1','2017-03-14 00:00:00','2010-10-01 00:00:00','即使相隔千亿光年，依然有追随他脚步的灵魂即使改变生命形态，他仍然是至高无上的存在当征服一个世界的巫妖之王，以灵魂占据的方式进入人类社会，结合人类科技的巫妖必将席卷星河。……各位书友要是觉得《星河巫妖》还不错的话请不要忘记向您群和微博里的朋友推荐哦！\n','http://r.m.biquge5200.com/files/article/image/0/25/25s.jpg',0,6),(101,16,'幸运的苏拉','奥古斯都之路','1','2016-01-30 00:00:00','2010-10-01 00:00:00','条条大路通罗马，但来的却并不都是罗马想要的。斗兽场是小的罗马，罗马是大的斗兽场。他，李必达，不过是个精通语言学的普通大学生，却有幸穿越到了彼时，罗马建城年，耶稣诞辰前年，但他没有成为显贵，因为不可能；没有成为所谓发明家，因为不可能；他最初的身份，就是个军队奴隶，也是最合情合理的身份，自此开始了波澜壮阔的冒险生涯。凯撒、庞培、西塞罗、克拉苏、安东尼、屋大维、米特拉达梯不再是呆滞的蜡像。百夫长、商贩、拍卖人、修辞学家、女奴、祭司、娼妓不再是死板的文字。本都王女、贵族遗孀、亚马逊女王、埃及艳后不再是桃色的梦想。奴隶、自由奴、有产公民、骑士、度支官、军事护民官、骑兵长官、元老狄克推多，这条铺满骸骨、头颅的道路走下来，谁能成为笑到最后的，独一无二的奥古斯都？\n','http://r.m.biquge5200.com/files/article/image/0/16/16s.jpg',0,1),(102,9,'辰东','完美世界','1','2019-07-08 00:00:00','2010-10-01 00:00:00','　　一粒尘可填海，一根草斩尽日月星辰，弹指间天翻地覆。群雄并起，万族林立，诸圣争霸，乱天动地。问苍茫大地，谁主沉浮？！一个少年从大荒中走出，一切从这里开始……\n','http://r.m.biquge5200.com/files/article/image/0/9/9s.jpg',0,1),(103,31,'耳根','我欲封天','1','2020-05-29 00:00:00','2010-10-01 00:00:00','我若要有，天不可无。我若要无，天不许有！这是一个起始于第八山与第九山之间的故事，一个“我命如妖欲封天”的世界！各位书友要是觉得《我欲封天》还不错的话请不要忘记向您群和微博里的朋友推荐哦！\n','http://r.m.biquge5200.com/files/article/image/0/31/31s.jpg',0,2),(104,2,'血祭之夜','三国大发明家','0','2016-01-30 00:00:00','2010-10-01 00:00:00','东汉末年，汉室没落。前世历史学家的刘尧，为保护一本古籍而丧命，携带着书本刺青重生于汉室之中，身为汉灵帝长子，少帝刘辩的兄长，是听从于命运，还是奋起反抗。我命由我不由天，天下尽在我脚下沉浮，且看刘尧用各种发明称霸三国。各位书友要是觉得《三国大发明家》还不错的话请不要忘记向您群和微博里的朋友推荐哦！\n','http://r.m.biquge5200.com/files/article/image/0/2/2s.jpg',0,4),(105,42,'想枕头的瞌睡','网游之三国王者','0','2016-01-30 00:00:00','2010-10-01 00:00:00','一款名为《天下》的游戏改变了世界，本来在游戏中混得并不如意的杨天，一觉醒来后却发现自己回到了一年前的游戏开服前十天……谁说历史名将就一定是最牛的？谁说系统势力是无法撼动的？谁说这天下一定就是姓司马的？谁说堂堂中华夺不了海上霸权？各位书友要是觉得《网游之三国王者》还不错的话请不要忘记向您群和微博里的朋友推荐哦！\n','http://r.m.biquge5200.com/files/article/image/0/42/42s.jpg',0,5),(106,66,'纯洁人生','混在大唐','0','2016-01-30 00:00:00','2010-10-01 00:00:00','这是一个大气磅礴的时代；这是一个铸造了民族魂的时代；这又是一个充斥面首娈童的时代；大唐，我来了。武清成为了武氏族人，是荣华富贵，还是几十年后被灭族，一切尽在混在大唐各位书友要是觉得《混在大唐》还不错的话请不要忘记向您群和微博里的朋友推荐哦！\n','http://r.m.biquge5200.com/files/article/image/0/66/66s.jpg',0,4),(107,84,'呓语痴人','韩娱之勋','1','2020-10-14 00:00:00','2010-10-01 00:00:00','我们人生中最大的懒惰，就是当我们明知自己拥有作出选择的能力，却不去主动改变，而是放任它的生活态度。一个多才多艺却又性情懒散，喜欢随遇而安的艺人，在一朝醒悟后，展露锋芒，向山顶迈进的奋斗史。多年后，他的名字已经成为韩国娱乐圈一个时代的名字，被誉为韩国娱乐圈的勋章！\n','http://r.m.biquge5200.com/files/article/image/0/84/84s.jpg',0,3),(108,4,'鹅是老五','造化之门','1','2017-03-13 00:00:00','2010-10-01 00:00:00','这是一个支离破碎的角落，这是一个被遗忘的世界。那一天，是宁城最失意的时候，那一天，他被硬生生的带到了这里。这个角落因为有了宁城，将在浩瀚星空中留名，这个世界也因为有了宁城，将在无尽宇宙中精彩！－－－－－－\n','http://r.m.biquge5200.com/files/article/image/0/4/4s.jpg',0,2),(109,51,'九指仙尊','全能奇才','1','2016-01-30 00:00:00','2010-10-01 00:00:00','任何技能一学就会，提升熟练度，便能站在最巅峰！……他是世界厨师联合会名誉主席，拥有全球厨神美誉。他是继贝多芬、莫扎特之后，最伟大的作曲家、钢琴家、指挥家。他是地下车神、拳神、赌神……同时他还是金融巨子、商界巨擘、格斗天王……一个拥有着神奇学习能力，任何一项都能站在巅峰的全能奇才！！！……：据说他还将密宗的欢喜禅修炼到最高的第十二重~~各位书友要是觉得《全能奇才》还不错的话请不要忘记向您群和微博里的朋友推荐哦！\n','http://r.m.biquge5200.com/files/article/image/0/51/51s.jpg',0,3),(110,64,'丑牛1985','抗日之兵魂传说','0','2016-01-30 00:00:00','2010-10-01 00:00:00','现代兵王不小心穿越到了抗战时期一个傻子兵上，且看这个傻子兵如何给日军搅局。“一定要给我弄死那个二愣子”日军高官说道；“今天二愣子又干啥去了，你怎么不派人跟着”政委说道；“别让二愣子知道了！要不完了”一个伪军在做坏事时小声的说道；“我的部队没有子弹了，你给送点子弹到城外来”二愣子给城里的日军军官写信说道。小说名字按照要求正式由《二愣子抗日》改名为《抗日之兵魂传说》各位看官且看二愣子诙谐抗日推荐一本书《超级大学校长》\n','http://r.m.biquge5200.com/files/article/image/0/64/64s.jpg',0,4),(111,1,'十步行','人皇','0','2016-01-30 00:00:00','2010-10-01 00:00:00','这是一个不为人知的远古年代，比炎黄更遥远的祖先，大地苍茫，血气满天。这是一段属于人族的悲惨岁月，比厉鬼更凶残的百族，烈火焚城，战血纷纷。这是一团沉睡亿载的强者之魂，比阳光更炽烈的热血，战尽八荒，血染九天。……在这里，人族只相信自己，不求仙，不拜神，不礼佛，因为他们都是敌人！各位书友要是觉得《人皇》还不错的话请不要忘记向您群和微博里的朋友推荐哦！\n','http://r.m.biquge5200.com/files/article/image/0/1/1s.jpg',0,1),(112,44,'华表','苍穹龙骑','1','2016-07-11 00:00:00','2010-10-01 00:00:00','我是一名飞行员，不，我是一名龙骑士，不对，我是一名空骑士，准确的说，我应该是一名真正的骑士。无论是黑夜降临，还是太阳升起，只要这片苍穹依然日月交替，守护帝国的龙骑士必然与天空同在，长剑所指，皆是正义。罕见的即视感写作手法，华丽丽爽到爆的激烈战斗，如同看经典大片一般的感觉，不容错过！史上最无节操的表哥再次开坑！众多书友，快到坑里来！\n','http://r.m.biquge5200.com/files/article/image/0/44/44s.jpg',0,1),(114,17,'大爱先生','斗神','0','2016-01-30 00:00:00','2010-10-01 00:00:00','万年前，仙界最强霸主邪天上人与盘古族结怨，随后盗取盘古族的至高秘籍。……一万年后，身为奴隶的林一生，遇到一个强大但即将死去的灵修士，被其夺舍失败后获得其全部传承！\n','http://r.m.biquge5200.com/files/article/image/0/17/17s.jpg',0,2),(116,32,'雾外江山','大道独行','1','2016-01-30 00:00:00','2010-10-01 00:00:00','三千左道，八百旁门，上门一百零八，在这个修者如蚁的时代！修者当手握五行，脚踏阴阳，超脱生死轮回，求索永恒大道！苦修，游历，顿悟，死战，经历万劫，坚守信念，终将会当凌绝顶，一览九天渺！我终于站在九天之巅，才发现孜孜以求的大道，不过是我走过的路，而这路不过才刚刚开始！大道苍茫，唯我独行！－－－－－－－－－－已经完本神剑永恒、仙傲、唯我巅峰、无上降临、红顶位面商人，一书一世界，一沙一天地，每本都有自己的精彩！特别推荐《仙傲》，如果你喜欢这本，那本你更会喜欢！各位书友要是觉得《大道独行》还不错的话请不要忘记向您群和微博里的朋友推荐哦！\n','http://r.m.biquge5200.com/files/article/image/0/32/32s.jpg',0,2),(117,7,'天蚕土豆','大主宰','1','2019-07-05 00:00:00','2010-10-01 00:00:00','其实接下来的新书，在斗破完结时便已经是有了构想，只不过却并未立即开始写，因为那个世界太过的宏伟浩大，所以，我再写了一本武动，来作为其基石。斗破大结局时，萧炎所去的新世界，与林动最终去往的神秘世界，是相同的，因为那个神秘的大世界，便是我们新书开始的地方。当初并不太认为自己有驾驭那个世界的能力，而现在，终归是可以开始了。\n','http://r.m.biquge5200.com/files/article/image/0/7/7s.jpg',0,1),(118,30,'我是墨水','执魔','1','2020-09-21 00:00:00','2010-10-01 00:00:00','我若执魔，天地无仙！我若执天，天地无魔！这是一个起始于雨之仙界的故事，一个‘我命如蝶斩轮回’的世界！回首凡尘如烟，一笑淡了明月只为她，横行雨界！天道三环，修道三步，虚、真二字，贯穿始末。第一步，修真七境：辟脉，融灵，金丹，元婴，化神，炼虚，碎虚。各位书友要是觉得《执魔》还不错的话请不要忘记向您群和微博里的朋友推荐哦！\n','http://r.m.biquge5200.com/files/article/image/0/30/30s.jpg',0,2),(119,38,'鱼人二代','校花的贴身高手','1','2020-10-15 00:00:00','2010-10-01 00:00:00','一个大山里走出来的绝世高手，一块能预知未来的神秘玉佩……林逸是一名普通学生，不过，他还身负另外一个重任，那就是追校花！而且还是奉校花老爸之命！虽然林逸很不想跟这位难伺候的大小姐打交道，但是长辈之命难违抗，他不得不千里迢迢的转学到了松山市，给大小姐鞍前马后的当跟班……于是，史上最牛的跟班出现了——大小姐的贴身高手！看这位跟班如何发家致富偷小姐，开始他奉旨泡妞牛闪闪的人生……本书有点儿纯……也有点儿小暧昧……各位书友要是觉得《校花的贴身高手》还不错的话请不要忘记向您群和微博里的朋友推荐哦！\n','http://r.m.biquge5200.com/files/article/image/0/38/38s.jpg',0,3),(121,18,'黑色的单车','红色大导演','0','2016-01-30 00:00:00','2010-10-01 00:00:00','抗日神剧小编吴祥重生到了年，他决定要改变自己的命运考入电影学院。本来以为凭着自己多年混迹娱乐圈的丰富经验，吴祥觉得一定可以在艺术道路上呼风唤雨，可是没想到，他遇到的一个个大明星，那都是不安分的主！陈琨总想着要去转行干装修，黄烸波非常的不着调，另一个姓黄的女同学现在还是女汉子一枚！人生以如此艰难，有些事情又何必拆穿。拍电影吧，拍出咱国人自己的电影，属于我们自己的大片，就算是在这个电影市场如此低迷的时候，迎着冷眼和嘲笑，我们也要走出自己的电影之路！（，本书是国产电影由弱到强的发展史，也可以\n','http://r.m.biquge5200.com/files/article/image/0/18/18s.jpg',0,3),(122,93,'不死奸臣','超级仇恨戒指','0','2016-01-30 00:00:00','2010-10-01 00:00:00','超级仇恨戒指最新章节列：小说《超级仇恨戒指》不死奸臣著,超级仇恨戒指全文阅读关于超级仇恨戒指：姜帆很惊讶地发现，自己偶然得到的戒指竟然有吸收仇恨的功能，只要有人仇恨自己，就能涨各种属性，恨的越深，涨的属性点越多。“提示：还差一万八千点仇恨值完成任务，届时将获得一万八千点属性值，以及神秘大礼一份。”“提示，各项属性值已到瓶颈，再完成一次任务，戒指将刷新系统，六项属性全面升级，并有新功能激活。”*************************************************************新书求推荐票求加入书架求点击阅读（《暴君刘璋》《虚空猎杀者》完本，书荒的书友可看）\n','http://r.m.biquge5200.com/files/article/image/0/93/93s.jpg',0,3),(124,8,'月关','夜天子','1','2018-04-17 00:00:00','2010-10-01 00:00:00','他世袭罔替，却非王侯；他出身世家，却非高门。作为六扇门中的一个牢头儿，他本想老老实实把祖上传下来的这只铁饭碗一代代传承下去，却不想被一个神棍忽悠出了那一方小天地，这一去，便是一个太岁横空出世。他自诩义薄云天，为人四海，是个可以托妻献子的好朋友，可他所到之处，却是家有佳妇贵女者统统藏之深闺不敢示人；他自称秉性纯良，与人为善。可是只为逃避做他的上司，堂堂江宁布政便打起“丁忧”的幌子，欢天喜地的辞官归故里了；他自谓忠臣，光霁日月，可一向勤政的万历皇帝却因他而再不早朝。杨凌人称杨砍头，杨帆人称瘟郎中，他却有着更多的绰号，疯典史、驴推官、夜天子……，每一个绰号，都代表着他的一个传奇。各位书友要是觉得《夜天子》还不错的话请不要忘记向您群和微博里的朋友推荐哦！\n','http://r.m.biquge5200.com/files/article/image/0/8/8s.jpg',0,4),(125,62,'何昊远','明扬天下','0','2016-01-30 00:00:00','2010-10-01 00:00:00','人死了，钱没花完。穿越前三十亿家产等秦牧去继承。人没死，钱没了。穿越后的秦牧不得不对面的窘境。崇祯十六年，华夏大地血雨腥风，大明王朝摇摇欲坠，万户声哀，衣冠沦丧，从亿万富翁变成一无所有的秦牧没了退路，他决定：去找个这世界谈谈。本书关键词：秦淮、瑞金、鞑子、华夏衣冠、江山、美人、吃进肚子的才是自己的。\n','http://r.m.biquge5200.com/files/article/image/0/62/62s.jpg',0,4),(127,5,'蓝豆生南国','神级管家','1','2017-03-14 00:00:00','2010-10-01 00:00:00','　　一个拥有双硕士学位的职业白领，在两个四维空间的扭曲的瞬间，穿越到一个被活埋的渣渣高三党身上一个来自五维空间的命运之轮幸运地加载在他身上硕士生变高中生也就罢了，你穿越，还带着逆天系统，给不给活路了，异世界的童鞋和牛人们表示实在愤慨，坐看学渣变学霸，废材变高富帅，咱不称王称霸，要的就是在这强者林立的世界里，当着神仙般的超级管家\n','http://r.m.biquge5200.com/files/article/image/0/5/5s.jpg',0,3),(128,3,'大烟缸','神级英雄','1','2019-08-10 00:00:00','2010-10-01 00:00:00','英雄，就是那种自身实力强大，他率领的部队也会随英雄的强大而强大的神圣存在。《英雄创世纪》，一款由美国，中国，欧盟，俄罗斯，印度，日本，韩国共同开发，集奇幻，冒险，战争，贸易，领地建设，航海，竞技，休闲于一体的世界级网游，全世界的玩家为之狂热，各国最顶尖的竞技选手在国战的舞台上大放异彩。大飞，曾经专治各种不服的网瘾治疗专家，在阔别游戏多年后，看准了英雄创世纪的无限商机开始了职业游戏生涯。整个世界都因为他而充满了正能量。大飞名言：为何放弃治疗？各位书友要是觉得《神级英雄》还不错的话请不要忘记向您群和微博里的朋友推荐哦！\n','http://r.m.biquge5200.com/files/article/image/0/3/3s.jpg',0,5),(130,10,'蝴蝶蓝','天醒之路','1','2019-12-12 00:00:00','2010-10-01 00:00:00','　　冲、鸣、气、枢、力、精、英。魄之七力！感知七魄，造就无数强者。然而，一家不起眼的学院里，少年却面临着被驱逐的危机……\n','http://r.m.biquge5200.com/files/article/image/0/10/10s.jpg',0,1),(131,45,'独翼客','数据修炼系统','0','2016-01-30 00:00:00','2010-10-01 00:00:00','诸葛翔本是修罗宗的预备弟子，为了领悟气劲，成为修罗宗正式弟子而努力。一次偶然机会，让他得到了超级游戏系统的“法宝”。此法宝在手，随着诸葛翔实力的提升，各种神奇的功能也一一揭露。人物版面，经验值体系，技能点，包裹空间，任务系统，小地图雷达，生活技能……且看他凭借手中的游戏系统，如何一飞冲天，名动天下……各位书友要是觉得《数据修炼系统》还不错的话请不要忘记向您群和微博里的朋友推荐哦！\n','http://r.m.biquge5200.com/files/article/image/0/45/45s.jpg',0,5),(133,50,'堂燕归来','三国之生化狂人','0','2016-01-30 00:00:00','2010-10-01 00:00:00','携带生化病毒的军方飞机坠毁，不幸身亡的机组人员，穿越成了袁绍的一名身患残疾，不受待见的私生子袁方。内有诸兄弟轻视排挤，外有众诸侯如狼环伺。且看我袁方如何步步为营，战出一片天地，杀出一个狂人之名！……曹操：我曹操挟天子以令诸侯，自认为够狂，面对这个袁方，却只能自认不如。刘备：我以仁义之名，号召天下仁义之士，共诛袁方此逆贼狂人。袁绍：逆子狂徒，我袁家四世三公的美名，尽毁于你手，我必不饶你！袁方不屑一笑：不服，就用拳头来说话吧。各位书友要是觉得《三国之生化狂人》还不错的话请不要忘记向您群和微博里的朋友推荐哦！\n','http://r.m.biquge5200.com/files/article/image/0/50/50s.jpg',0,4),(135,13,'风凌天下','傲世九重天','0','2016-01-30 00:00:00','2010-10-01 00:00:00','一人一剑，傲世九重天！本站郑重提醒：本故事纯属虚构，如有雷同，纯属巧合，切勿模仿。主角：风凌天下\n','http://r.m.biquge5200.com/files/article/image/0/13/13s.jpg',0,1),(136,67,'美味罗宋汤','金鳞开','0','2016-01-30 00:00:00','2010-10-01 00:00:00','黑云压城城欲摧，甲光向日金鳞开。碛里角声摇日月，回中烽色动楼台。陵园白露年年满，城郭青磷夜夜哀。沙场昼夜多风雨，人说太子铁骑来。\n','http://r.m.biquge5200.com/files/article/image/0/67/67s.jpg',0,4),(137,79,'很冇节操','最强丧尸传说','1','2016-07-03 00:00:00','2010-10-01 00:00:00','作者版：不会写简介，你们就将就着看吧。宣传版：欢迎来到至高游戏，这里有你想要的一切，只要你能一直存活下去。正常版：总之这就是一个丧心病狂的家伙成为传说的故事……中二版：无限世界皆归我魔王掌控！求票版：把点击！推荐票！收藏！打赏！点赞！订阅！月票！评价票！一个不留的交出来！\n','http://r.m.biquge5200.com/files/article/image/0/79/79s.jpg',0,6),(138,88,'天下青空','功夫圣医','1','2018-04-01 00:00:00','2010-10-01 00:00:00','翩翩少年，只因身世贫寒，屡遭白眼，尝尽世间冷暖，笑叹人生不过如此，却意外苏醒了一世记忆。于是，三生烟火，一世繁华。前世；一代天骄，修成正果，问鼎天下至尊。今生；醒掌天下权，醉卧美人膝；人生在世，当一世风流。\n','http://r.m.biquge5200.com/files/article/image/0/88/88s.jpg',0,3),(139,35,'天天不休','狂狮少帅','0','2016-01-30 00:00:00','2010-10-01 00:00:00','“没有人喜欢我们，无所谓！”“所有人喜欢我们，还是无所谓！”穿越附身的奥德里奇从未想过，有一天他会成为英伦臭名昭著的米尔沃尔的老板。爱德华兹家族给了弗格森七年时间终于重现巴斯比男孩的王朝身影。格拉汉姆辉煌之后的兵工厂在寻找下一个查普曼，第一次被解雇的教授远走日本，时刻等待着欧洲的召唤。七年四夺欧冠封王的利物浦依旧活在曼联阴影之下。白鹿巷渐入平凡，斯坦福桥蓝色黯然，金元暴力本挑战王座，基冈调教华丽喜鹊欲冲天！年的夏天，米尔沃尔青年军在少帅奥德里奇率领下势要改写百年无冠的历史。那一抹狂狮的深蓝，立志席卷欧洲各位书友要是觉得《狂狮少帅》还不错的话请不要忘记向您群和微博里的朋友推荐哦！\n','http://r.m.biquge5200.com/files/article/image/0/35/35s.jpg',0,5),(147,27,'我吃西红柿','莽荒纪','0','2016-01-30 00:00:00','2010-10-01 00:00:00','一本小说，就是一个世界。在《莽荒纪》这个世界里——有为了生存，和天斗，和地斗，和妖斗的部落人们。有为了逍遥长生，历三灾九劫，纵死无悔的修仙者。更有夸父逐日……更有后羿射金乌…………而一天，纪宁在一个强大的部族‘纪氏’出生了……各位书友要是觉得《莽荒纪》还不错的话请不要忘记向您群和微博里的朋友推荐哦！\n','http://r.m.biquge5200.com/files/article/image/0/27/27s.jpg',0,2),(149,56,'长歌扬','神级天赋','1','2016-06-25 00:00:00','2010-10-01 00:00:00','他是贫民窟的孩子，但他不缺妹子；他是初玩网游的菜鸟，但他技术无敌；他是功夫高手，他是杨氏太极的传人，他是杀手之王的弟子……系统提示——“由于您接受了终极任务——【诸神的回归】，获得唯一终极技能——【诸神的祝福】。”【诸神的祝福】（不可升级）技能效果：使用技能之后，在五秒内幸运值增加点。每使用一次本技能，将获得一点固定幸运值。冷却时间：个自然日。技能介绍：这是诸神的赐福，拥有篡改天命的力量！各位书友要是觉得《神级天赋》还不错的话请不要忘记向您群和微博里的朋友推荐哦！\n','http://r.m.biquge5200.com/files/article/image/0/56/56s.jpg',0,5),(150,28,'忘语','魔天记','0','2016-01-30 00:00:00','2010-10-01 00:00:00','一名在无数凶徒中长大的亡命少年，一个人与魔并立的时代，一个可以役使厉鬼、妖灵的大千世界……忘语总算要开新书了，已有完本作品《凡人修仙传》。\n','http://r.m.biquge5200.com/files/article/image/0/28/28s.jpg',0,2),(151,40,'打眼','宝鉴','0','2016-01-30 00:00:00','2010-10-01 00:00:00','一局安百变，叵测是人心！三教九流，五行三家，尽在宝鉴之中！各位书友要是觉得《宝鉴》还不错的话请不要忘记向您群和微博里的朋友推荐哦！\n','http://r.m.biquge5200.com/files/article/image/0/40/40s.jpg',0,3),(152,75,'黑铁之堡','黑铁之堡','1','2016-01-30 00:00:00','2010-10-01 00:00:00','　　大灾变之后，世间的一切规则重写，黑铁时代来临，钢铁，蒸汽，武力成为人类赖以生存下去的最大依靠，一个叫张铁的普通少年，懵懵懂懂之中，被命运之神在屁股上狠狠踹了一脚，得到一颗能够不断生长出各种神奇果实的小树，少年惨叫一声，打着滚，一头扎进那片无限广袤大陆的洪流之中——波澜壮阔的人族与魔族的第三次百年圣战即将到来！神秘无垠的广阔大陆！利用水晶不断打开人体潜能的神奇修炼体系！神之族裔的热血传奇！东方玄门的重重秘密！地心世界的无尽宝藏！一切尽在《黑铁之堡》。注：本书的背景是老虎构架出来的玄幻蒸汽朋克风格，让我们一起在小说中去享受那个有着无限可能和无限创造的世界吧。\n','http://r.m.biquge5200.com/files/article/image/0/75/75s.jpg',0,6),(153,14,'老辰','我的纯情女租客','1','2016-01-30 00:00:00','2010-10-01 00:00:00','　　因为一则租赁小广告，　　林逸陷入到纷杂的都市争斗中。　　明枪暗箭，尔虞我诈，　　为了生存，为了尊严，　　他要在这个世界发出自己的声音！类别：都市生活书号：授权级别：作品本周贵宾推荐：本周被阅读数：本周收到鲜花：本月被阅读数：本月收到鲜花：标签暧昧热血轻松超级爽文我的纯情女租客第章：私有化　　全军将士相信有用吗？只要皇甫南不相信，那么龙王就是他的杀父仇人！　　其实换个角度想想，林逸倒也还挺能理解皇甫南的，毕竟他父亲曾经也是一个叱咤风云的英雄，在他心里是神一般的存在，可是突然在某一天他却是被人告知他的父亲是个叛国投敌的叛徒，并被最亲密的战友给处决了，而“刽子手”龙王却没有拿出丝毫证据，甚至连一个解释都没有……这事儿无论摊在谁身上都不会好受。　　不过这倒是也符合龙王的性格，做了就做了，不屑于解释，亦或许他也有不能解释的苦衷……谁知道呢？　　凤凰也不由得唏嘘道：“其实这些年龙王也很苦，毕竟他当年亲手杀的是他最亲密的战友兄弟啊，而且自此之\n','http://r.m.biquge5200.com/files/article/image/0/14/14s.jpg',0,3),(155,96,'奥比椰','嘲讽','0','2016-01-30 00:00:00','2010-10-01 00:00:00','林舟很惊讶地发现，只要有人嘲讽他，他的功力就开始增长。嘲讽的人越多，功力增长得就越快。哪怕十万八千里之外，不相干的人半夜三更里议论嘲讽他，他的功力都会增长。“听说了吗？林舟那废物居然自称武功天下第一，简直笑掉了我的大牙，哈哈哈哈……”“那个林舟啊，居然说云沙第一美男陆公子没他帅，有这么不知廉耻的人么？”“……”“……”这大半夜里睡着觉突然又升级了，谁在嘲讽本少爷？各位书友要是觉得《嘲讽》还不错的话请不要忘记向您群和微博里的朋友推荐哦！\n','http://r.m.biquge5200.com/files/article/image/0/96/96s.jpg',0,1),(157,58,'上山打老虎额','公子风流','0','2016-01-30 00:00:00','2010-10-01 00:00:00','穿越成了一个败家大少爷，知风月、懂风情，不会弹琴却会谈情。不幸成了天子亲军，成了锦衣卫，好吧，压力很大，良心什么的暂时收起，抄起家伙指鹿为马才是本职工作。“飞鱼服、绣春刀加诸于身之日，就是很黄很暴力之时！”各位书友要是觉得《公子风流》还不错的话请不要忘记向您群和微博里的朋友推荐哦！\n','http://r.m.biquge5200.com/files/article/image/0/58/58s.jpg',0,4),(158,55,'心之弈剑','江湖我独行','0','2016-01-30 00:00:00','2010-10-01 00:00:00','对于张放来说，在进入《大江湖》之前，成为强者绝对不是他的目标，每天挖挖矿，关注下拍卖行，做做生活职业，以此赚点小钱贴补家用才是他想要的，只是当他进入这个号称有史以来开放性最强的游戏世界后，张放发现自己想差了一心想成为职业生活玩家的张放，阴差阳错之下成为了江湖末流势力之一镇远镖局的冒牌天才，从此穷屌丝开启了一条逆天的草根之路。各位书友要是觉得《江湖我独行》还不错的话请不要忘记向您群和微博里的朋友推荐哦！\n','http://r.m.biquge5200.com/files/article/image/0/55/55s.jpg',0,5),(159,61,'孑与2','大宋的智慧','1','2016-01-30 00:00:00','2010-10-01 00:00:00','云峥打开了一扇门，就再也没有回头路，生活，就是这个样子，开了弓就没有回头箭，想回头已是百年身。这是一本讲述为师之道的小说，说的是生存智慧，讲的是人间温情，道的是兄弟情义，表的是温恭谦良，这里有最美的爱情，有最深刻的兄弟情义……或许，我很想把《清明上河图》徐徐的展开，给你一个不一样的大宋，不一样的人间百态……\n','http://r.m.biquge5200.com/files/article/image/0/61/61s.jpg',0,4),(160,63,'随轻风去','大明官','0','2016-01-30 00:00:00','2010-10-01 00:00:00','大明成化十三年，这是一个宅男漫不经心做着皇帝的年代，这是一个没有权威的年代，这也是忠奸、正邪、黑白分明的年代。这是国无大患、垂拱而治的年代，这是法纪松弛、官风懒散的年代，这是高压转为宽松的年代，这是由俭朴厚重转为奢靡浮华的年代，这也是刻板转为活跃的年代。青山绿水间，一梦五百年，穿越客的传奇开始了。\n','http://r.m.biquge5200.com/files/article/image/0/63/63s.jpg',0,4),(161,52,'不信天上掉馅饼','大豪门','0','2016-01-30 00:00:00','2010-10-01 00:00:00','馅饼，说好的豪门风云世家恩怨呢？有。自己看书！馅饼，说好的江湖快意儿女情仇呢？有。自己看书！馅饼，说好的纨绔嚣张衙内跋扈呢？有。自己看书！馅饼，说好的狗血装逼扮猪吃虎呢？有。自己看书！馅饼，说好的医卜星象天机莫测呢？嚓，你有完没完？有，都有！不会自己看书啊？好，我看书去了，看得不爽，削你！那看得爽了呢？要不要给票？给，谁说不给？行，你看去吧，记得订阅啊，哥等着你给月票推荐票呢！各位书友要是觉得《大豪门》还不错的话请不要忘记向您群和微博里的朋友推荐哦！\n','http://r.m.biquge5200.com/files/article/image/0/52/52s.jpg',0,3),(162,76,'一念乱天机','征服权能','0','2016-01-30 00:00:00','2010-10-01 00:00:00','权能：神之权柄征服：世界之主征服启动，凝聚血脉，权能无限，证道原始。生存于人世底层的男人，在异世征服一切的故事。\n','http://r.m.biquge5200.com/files/article/image/0/76/76s.jpg',0,6),(163,90,'小豹子','我成了防御法宝','1','2016-01-30 00:00:00','2010-10-01 00:00:00','在古玩市场淘到一本炼器法决，任建莫名其妙把自己修炼成了一件防御法宝，惟一的修炼方法就是挨打，别人越往死里打他，他实力提升就越快，为了提升自身品级，任建开始了他惹事生非的生涯……：求收藏、推荐、点击……各位书友要是觉得《我成了防御法宝》还不错的话请不要忘记向您群和微博里的朋友推荐哦！\n','http://r.m.biquge5200.com/files/article/image/0/90/90s.jpg',0,2),(164,85,'说梦者','大圣传','1','2020-07-04 00:00:00','2010-10-01 00:00:00','少年走出山村，踏遍天下，一步步跨入传说中，成为神话。主角：大圣\n','http://r.m.biquge5200.com/files/article/image/0/85/85s.jpg',0,2),(165,91,'废稿三千','不朽星空','0','2016-01-30 00:00:00','2010-10-01 00:00:00','“六足黑赤虫，七阶精英虫兽，吸收了它，我应该就能冲到八阶了。”“巨爆雷龙兽，青铜级血统，体型有一颗小行星般庞大，若是吸收了它，我立马就能冲击黑洞级了！”“混元白列象，混沌灵兽中的极品，是个难缠的家伙，不过只要吸收了它，我的生命指数就能破万了……”王须，意外之下得到一枚能够吞噬虫兽，将能量转化为自身的火焰，从此一路横扫，星空不朽！\n','http://r.m.biquge5200.com/files/article/image/0/91/91s.jpg',0,6),(166,87,'蚕茧里的牛','武极天下','0','2016-01-30 00:00:00','2010-10-01 00:00:00','天资中上的普通少年，立志进入武府圣地，追求极致武学。然而面对竞争激烈的考核，又有世家子弟的借势压人，小小平凡少年如何立足？宗门传承严格保密，核心功法概不外传，在功法传承如此难得天衍大陆，即便进了武府和宗门，想学到顶级武学又谈何容易？来自神域的小小魔方，展开一个强者的世界。功法要学就学最顶尖。生活职业要选就选别人都不会的。热血的对决，天才的竞争，三尺枪芒，千里直驱，武道极致，独步天下！蚕茧已有《神偷化身》《魔兽多塔之异世风云》两部作品，全部完本，人品保证，请放心收藏。\n','http://r.m.biquge5200.com/files/article/image/0/87/87s.jpg',0,1),(168,80,'黑十三郎','灾厄降临','0','2016-01-30 00:00:00','2010-10-01 00:00:00','《吠陀经》、《默示录》、《死者之书》、《克奥第特兰年代记》、《推背图》等等等等，在如此众多的，来自世界各地，各个时期的典籍中，有同样的预言：世界终将毁灭。但是，无数次所谓末日的来临，世界始终存在，人类依旧向前，所有的预言似乎都成为了笑话。然而那真是经卷之中的一时之疏么？过往的巧合背后或许另有真相，人类并未亲历的灾难究竟在何时何地上演？萧焚能看到这些，从小开始，他的双眼就能看见无数的世界，当他岁时，通往其它世界的大门终于在一个无足轻重的早上，被他推开。盘旋在君士坦丁堡上空的巨龙，逡巡于雾都伦敦街头的人造怪物，徘徊在纽约废墟里的恶魔，振翅在东京街巷的告死乌鸦。这些历史中的历史，未来里的未来，都在慢慢展现自己真实而残酷的一面。这是平凡者的启示，孤独者的战斗，一切只为明日之后那个仍旧存续的未来\n','http://r.m.biquge5200.com/files/article/image/0/80/80s.jpg',0,6),(173,77,'纯洁的猪头','漫威世界里的超人','1','2016-01-30 00:00:00','2010-10-01 00:00:00','霍奇买了一个能穿越各种电影世界的神奇手表，在去超人世界的一瞬间，被从天而降的雷给劈了阴差阳错下霍奇来到了另一个世界这个世界里，有钢铁侠，有绿巨人，有雷神，有美国队长还有一个拥有超人能力的霍奇：不要用漫画做参照：请以电影剧情为主：请以作者写的剧情为主重点注明：请以作者所写剧情为主时间线和漫画神马的大家都懂滴\n','http://r.m.biquge5200.com/files/article/image/0/77/77s.jpg',0,6),(174,82,'黑暗荔枝','我的女友是丧尸','0','2016-01-30 00:00:00','2010-10-01 00:00:00','末世降临，整个世界都陷入黑暗和崩坏之中，作为一名宅男，凌默觉得自己的压力很大。昔日的青梅竹马感染了病毒，美丽的学姐被万恶的丧尸咬伤，家里多了丧尸妹子这日子能不能过？喝妹汁可以病毒免疫？跟丧尸妹子啪啪啪竟然还能提升身体素质？凌默语：其实有几个丧尸女友也蛮不错的……等等，你能先别咬我吗？：粉嫩新人求包养！\n','http://r.m.biquge5200.com/files/article/image/0/82/82s.jpg',0,6),(176,83,'逐没','少年医仙','1','2017-10-14 00:00:00','2010-10-01 00:00:00','阎王判你三更死，我能保你过五更！少年秦朗，偶得毒宗传承，以毒杀人，以毒救人，以毒追美，以一身旷绝古今的毒功行走都市，纵横江湖。**某功夫小强：我一身功夫，刀枪不入！秦朗：我有奇毒化骨噬魂！某江湖大哥：我能召集小弟上千！秦朗：我能召集毒虫百万！某绝色美女：红颜祸水，美女有毒，你伤不起！秦朗：我修炼毒功，以毒攻毒！★小米在的第五部作品，请大家支持。前面部《少年药王》、《天生神匠》、《活金》、《兽行天下》均已完本，人品有保证，请放心收藏阅读。\n','http://r.m.biquge5200.com/files/article/image/0/83/83s.jpg',0,2),(177,94,'徐公子胜治','太上章','1','2020-07-05 00:00:00','2010-10-01 00:00:00','遂古之初，谁传道之？世称太上，我为道祖！人神妖魔共处相争，巫祝仙修万法纷呈的世界。诸帝显圣各创惊天玄通，登天之径殊途无数，芸芸世间根本大道何寻？一个孩子从蒙昧蛮荒中走来，踏无尽险阻、拨层层迷雾，究天地之源、登造化之巅，成就创道之祖！各位书友要是觉得《太上章》还不错的话请不要忘记向您群和微博里的朋友推荐哦！\n','http://r.m.biquge5200.com/files/article/image/0/94/94s.jpg',0,1),(178,71,'泛东流','三修奇仙','0','2016-01-30 00:00:00','2010-10-01 00:00:00','试个炼，他居然把传承千年的宝贝拐跑了？！老祖气疯了，宁风牛逼了。我要变强，我要逆天，这样才能出风头，泡妹子——天才在怒吼。我要出风头，泡妹子，这样才能变强，嗯，顺便逆个天——宁风好寂寞。“风头出够，好处拿来。”宁风喜滋滋地摸出宝贝，“是强个肾，还是升个级呢，这是个问题？”*******宁风：我只求大逍遥，大自在。我要天下人，知道我来过。各位书友要是觉得《三修奇仙》还不错的话请不要忘记向您群和微博里的朋友推荐哦！\n','http://r.m.biquge5200.com/files/article/image/0/71/71s.jpg',0,2),(181,86,'端木赐','儒术','0','2016-01-30 00:00:00','2010-10-01 00:00:00','　　罢黜百家，独尊儒术！这是一个读书人的世界！这是一个思想是至高力量的儒道世界！在这里，诗词可以显像，字画能够化真！诸圣以圣力构筑万里长城，抵挡妖兽和蛮夷狄戎的进攻，换来人族的休养生息！苏林穿越到了这么一个儒道世界，以圣言开智，无字天书承载华夏文人的诗词文赋，上能庙堂之争，除佞臣，破奸相。下可守卫人族，杀妖兽，除蛮夷。画地为牢，指鹿为马，撒豆成兵，画龙点睛！思想之所至，便无所不能！\n','http://r.m.biquge5200.com/files/article/image/0/86/86s.jpg',0,2),(182,57,'皇甫奇','帝御山河','1','2016-10-29 00:00:00','2010-10-01 00:00:00','宇宙轮回,纪元幻灭!一个又一个的世界不断毁灭,一个又一个的文明不断消失,周而复始,始而复周,从不更改无论甘与不甘,愿与不愿,在这恢宏的命运面前,无数慷慨激昂的英雄和心有不甘的巨擘都汇入了滚滚的时间长河,灰飞烟灭!到底,是谁在幕后掌控一切,又到底是谁在主宰神魔在无数个纪元轮回之后,天帝陨落,一个心怀不甘的少年走出了大汉皇朝的边陲地带,一往无回\n','http://r.m.biquge5200.com/files/article/image/0/57/57s.jpg',0,1),(183,53,'三心二缺','网游之三国超级领主','1','2020-06-24 00:00:00','2010-10-01 00:00:00','简介：虚拟现实游戏《世界之战》席卷全球，它以各国经典历史、经典传说为背景，脑电波接入，%仿真体感，号称人类第二世界！不过《世界之战》最大的噱头还是达到一定条件可以兑现游戏人物到现实中！设想现实中有机会跟赵云、关羽一起打打架是多么豪气干云，带着貂蝉、阿市逛逛街岂不羡煞一地眼球？当然，随着游戏的深入大家会发现，精彩远不止这些…~~~~~~~~~~~~~~~~~~~~~~~~~~~~~~~~~~~~~因游戏中的一颗重生丹而被现实追杀，杨锐再入游戏誓要解开其中疑团…各位书友要是觉得《网游之三国超级领主》还不错的话请不要忘记向您群和微博里的朋友推荐哦！\n','http://r.m.biquge5200.com/files/article/image/0/53/53s.jpg',0,5),(187,78,'野山黑猪','神级反派','1','2016-01-30 00:00:00','2010-10-01 00:00:00','飞雪连天射白鹿，笑书神侠倚碧鸳，寻秦大唐仙剑传，水浒西游三国志，哈利指环海盗船，雷神钢铁与复联，英雄美色竞妖娆，奈何大反派驾到！杜预穿了，自带神级反派属性【狼顾狷狂】！各种神坑爹：必加入反派势力，死亡抹杀。必坑蒙拐骗收女主，完不成抹杀。必完成三个反派任务，否则抹杀。各种神福利反派兑换系统：反派值可以兑换主角技能，可以兑换女主角！坏事干得多，技能涨得快。杜预只做好四件事：主角之敌，侠女魔星，之友，冒险者内奸。各位书友要是觉得《神级反派》还不错的话请不要忘记向您群和微博里的朋友推荐哦！\n','http://r.m.biquge5200.com/files/article/image/0/78/78s.jpg',0,6),(189,54,'我的背影我的光','拯救武侠美眉','0','2016-01-30 00:00:00','2010-10-01 00:00:00','曲非烟，阿朱，香香公主，阿九，穆念慈她们本不该死，她们本不该有如此凄惨的结局，不该天妒红颜，既然如此，我赵开从今天起，就和老天抢女人。这是一个关于杀手重生追寻自由的故事，这是一个关于武侠江湖、儿女情长的故事，这是一个关于敢于与老天抢女人的男人的故事。年少不惧江湖老，放歌四海任逍遥，未解前路多少事，欲与青天试比高。同学，我会随便告诉你，之所以要扯这么多，就是为了打着正大光明的旗号泡妞来着。各位书友要是觉得《拯救武侠美眉》还不错的话请不要忘记向您群和微博里的朋友推荐哦！\n','http://r.m.biquge5200.com/files/article/image/0/54/54s.jpg',0,5),(194,60,'黑瞳王','最后人类','0','2016-01-30 00:00:00','2010-10-01 00:00:00','林潇乘坐的列车出现事故，脱轨的列车载着上千乘客出现在了一个阴森恐怖的世界里……呼啸而来诡异而神秘的幽灵列车，将载着他们驶往何方？邪恶而可怕的怪物嗅到了人类的气息，在黑暗之中露出了流淌着口水的獠牙……准备好了吗？下一个将要死亡的人……也许是你！\n','http://r.m.biquge5200.com/files/article/image/0/60/60s.jpg',0,6),(198,23,'叶狂徒','修真民工','0','2016-01-30 00:00:00','2010-10-01 00:00:00','　　原本只是一个普普通通的农民工，一次机缘巧合之下，继承了某个修真星球上界真仙的功法传承和法宝空间，从此命运被彻底改变。玩儿转都市，赏遍春花秋色，踏身秘境，屠尽邪修强者，化身都市判官，该救者则救之，该杀者则怒杀之，一路纵横睥睨，登顶真仙宝座。*文字淡淡，情感浓浓，一点，两种人生*\n','http://r.m.biquge5200.com/files/article/image/0/23/23s.jpg',0,3),(199,19,'蜊黄大帝','电竞英雄','1','2016-01-30 00:00:00','2010-10-01 00:00:00','从死鬼老爸老妈那里得到得到大笔闲钱的在校大学生龙洋闲的要死，整天寻么着像比尔盖茨和乔布斯一样，从大学退学出去创业。可惜他不像人家那两位念得是一流大学，更可惜的是他的创业方向在身边男男女女的诱导下进入了鱼龙混杂的电竞圈……段秀秀！你顺风局的时候秀一下就可以了，逆风成这个鬼样子你还秀！你的妖姬不要跳来跳去的烦死啦！无极安灵！！你的无极猪妹赶紧给我回城，选个打野肉就不要偷塔了好不好。小桃，用你的第六感给我感觉一下对面有没有在打大龙。嗯，打着呢？很好，来打工的那个，丢大抢一下大龙。好的老板。报告，大龙没抢到，不过刮死了两个残血。我龙洋不要成为海贼王，我要像那个啥战队的那个谁让安妮成为主流辅助一样，让辅助小法师成为双人路的霸主！－－这是一个电竞英雄建立自己的英雄联盟的故事。\n','http://r.m.biquge5200.com/files/article/image/0/19/19s.jpg',0,3),(204,33,'九阳仙尊','随身仙府','0','2016-01-30 00:00:00','2010-10-01 00:00:00','在这个几乎见不到任何修仙者，灵气枯竭的末法时代，作为修仙者，是一件极其悲哀的事情！徐仙本是一个都市平凡吊丝少年，机缘巧合下成为修仙者，但他并不觉得悲哀。因为，他有一座仙府！仙府之中，有功法、有灵气、有灵药、有灵宝……所有修仙所需的一切，他都不缺！偶尔装神弄鬼，偶尔装装神医。偶尔踩踩人，偶尔装装逼！无节操修仙，生活乐无边！……我们的口号是——关门，放白帝！各位书友要是觉得《随身仙府》还不错的话请不要忘记向您群和微博里的朋友推荐哦！\n','http://r.m.biquge5200.com/files/article/image/0/33/33s.jpg',0,2),(215,21,'八月飞鹰','史上第一祖师爷','1','2016-01-30 00:00:00','2010-10-01 00:00:00','穿越了，也有了一个系统，但林锋压力山大。系统主线任务：林锋开山立派，建立史上第一大宗门，林锋本人成为第一祖师。于是为了成为史上第一祖师爷，林锋开始奋斗。“你叫石天昊？天生至尊，却被族兄谋夺，现在被生\n','http://r.m.biquge5200.com/files/article/image/0/21/21s.jpg',0,1),(216,46,'失落叶','斩龙','0','2016-01-30 00:00:00','2010-10-01 00:00:00','我要翻手为云，覆手为雨！我要颠覆命格，扭转乾坤！我要杀尽负我之人，屠尽虚伪之辈！我要这天，再遮不住我的眼！我要这地，再埋不住我的心！我要这天上诸神，烟消云散！……我要五百块钱，先交房租！！————————————————————————————【斩龙】扬帆起航，年，看美女大小姐的无敌贴身高手纵横虚拟国度！各位书友要是觉得《斩龙》还不错的话请不要忘记向您群和微博里的朋友推荐哦！\n','http://r.m.biquge5200.com/files/article/image/0/46/46s.jpg',0,5),(217,39,'辰机唐红豆','重生之神级败家子','0','2016-01-30 00:00:00','2010-10-01 00:00:00','“我必须得败家啊，不败家不浪费我爸妈赚钱的才华了吗？”面对记者的采访，洪大力如是说。采访刚一结束，洪大力便拉出“大败家系统”界面，看着上面各种各样的好东西，摸着下巴喃喃自语：“再败家两千亿就能换这套最强人形机动兵器【真·古兰修】的核心技术‘对消灭引擎’的设计图纸了，看来还得再加把劲啊！”“我要挥霍！我要败家！”各位书友要是觉得《重生之神级败家子》还不错的话请不要忘记向您群和微博里的朋友推荐哦！\n','http://r.m.biquge5200.com/files/article/image/0/39/39s.jpg',0,3),(220,49,'永恒之火','儒道至圣','1','2019-12-18 00:00:00','2010-10-01 00:00:00','这是一个读书人掌握天地之力的世界。才气在身，诗可杀敌，词能灭军，文章安天下。秀才提笔，纸上谈兵；举人杀敌，出口成章；进士一怒，唇枪舌剑。圣人驾临，口诛笔伐，可诛人，可判天子无道，以一敌国。此时，圣院把持文位，国君掌官位，十国相争，蛮族虎视，群妖作乱。此时，无唐诗大兴，无宋词鼎盛，无创新文章，百年无新圣。一个默默无闻的寒门子弟，被人砸破头后，挟传世诗词，书惊圣文章，踏上至圣之路。。。。各位书友要是觉得《儒道至圣》还不错的话请不要忘记向您群和微博里的朋友推荐哦！\n','http://r.m.biquge5200.com/files/article/image/0/49/49s.jpg',0,1),(229,48,'傅啸尘','武神空间','1','2019-07-21 00:00:00','2010-10-01 00:00:00','叶希文本只是地球上一个普通的大学生，却意外穿越到了一个名为真武界的世界！在这个世界中，强大的武者能翻山倒海，毁天灭地！本是资质平凡的他，因为得到了一个神秘的特殊空间！任何的武学都可以在神秘空间中推演，别人修行几十年，他只需要一年！只要有足够的灵石，什么天才在他的面前都是浮云！各位书友要是觉得《武神空间》还不错的话请不要忘记向您群和微博里的朋友推荐哦！\n','http://r.m.biquge5200.com/files/article/image/0/48/48s.jpg',0,1),(232,22,'炖肉大锅菜','无敌药尊','1','2020-08-22 00:00:00','2010-10-01 00:00:00','华夏年轻的中医圣手穿越异世！！什么中医在异世没用？靠，谁说的？别人练功升级，我治疗伤病升级。一个少年崛起与微末，靠着脑海中神秘气流，披荆斩刺，最终站在异世之巅！！！炖肉征战玄幻，不一样的类型，带\n','http://r.m.biquge5200.com/files/article/image/0/22/22s.jpg',0,1),(238,34,'血红','三界血歌','0','2016-01-30 00:00:00','2010-10-01 00:00:00','三界重开，末法之末。太古贵胄，恩仇缠结。挥洒敌血，屠仙戮圣，昂首高歌，直破九天！各位书友要是觉得《三界血歌》还不错的话请不要忘记向您群和微博里的朋友推荐哦！\n','http://r.m.biquge5200.com/files/article/image/0/34/34s.jpg',0,2),(239,29,'幻雨','百炼成仙','0','2016-01-30 00:00:00','2010-10-01 00:00:00','一个没有灵根的少年，一个被认为是废物的家伙，在修真界不断地收购着各种废品……无论是废丹还是下品材料，来者不拒，有多少要多少！\n','http://r.m.biquge5200.com/files/article/image/0/29/29s.jpg',0,2),(240,37,'瑞根','官道无疆','1','2018-04-01 00:00:00','2010-10-01 00:00:00','自信人生二百年，会当击水三千里！当改革开放的时代大潮来袭，陆为民该如何重掌这人生际遇？从毕业分配失意到自信人生的崛起，诡谲起伏的人生，沉浮跌宕的官场，一步一个脚印，抓住每一个机会，大道无形，行者无疆，漫漫官道，唯有胸怀天地，志存高远，方能直抵彼岸。各位书友要是觉得《官道无疆》还不错的话请不要忘记向您群和微博里的朋友推荐哦！\n','http://r.m.biquge5200.com/files/article/image/0/37/37s.jpg',0,17),(244,65,'指云笑天道1','隋末阴雄','1','2017-08-08 00:00:00','2010-10-01 00:00:00','一个隋朝的商人之子，进货跑断了腿，卖东西喊破了嘴，做生意碰到了官匪，赌输了钱给打得后悔，正路闯过，邪路走过，既然这个杀千刀的世道不让人出头，那就纵横天下，开创乱世吧。从此他心机深沉，内心阴暗，腹黑权谋，杀伐果断，是为阴雄。他逢场作戏，巧言令色，洞悉人心，一世奸雄，是为影帝。猫鬼案，废杨勇，罢高熲，扶杨广，平突厥，弑文帝，害杨素。一系列的诡异事件背后，是他那张阴沉的脸。烽烟起，金鼓急，大争之世，多少英杰，他能脱颖而出吗？且看王华强的帝王之路。\n','http://r.m.biquge5200.com/files/article/image/0/65/65s.jpg',0,4),(247,81,'啪啪桑','萌军舰娘','1','2016-01-30 00:00:00','2010-10-01 00:00:00','一觉醒来，赵舰发现自己穿越了！好消息……自己还是自己，而且变成了岁。坏消息……这特么的是年，而且多了很多奇怪的东西！赵舰：这个绝对不是二战，但战舰“拟人化”必须给个好评！\n','http://r.m.biquge5200.com/files/article/image/0/81/81s.jpg',0,6),(250,73,'酒煮核弹头','至高悬赏','1','2020-07-04 00:00:00','2010-10-01 00:00:00','“总有一天，我会成为整个宇宙海里悬赏金额最高的男人！”在海蓝星基础军事学院的开学典礼上，作为新生代表的古丁当着全校师生的面说出了自己伟大的理想。\n','http://r.m.biquge5200.com/files/article/image/0/73/73s.jpg',0,6),(252,89,'离火加农炮','重生之超级游戏大亨','0','2016-01-30 00:00:00','2010-10-01 00:00:00','重生后的叶垂，发现这个世界的游戏产业基础竟然为零，于是他怀着蛋疼的心制作了连连看这款小游戏。没想到，这款小游戏竟然引起了整个世界的疯狂！面对疯狂的连连看游戏迷，叶垂只能无语的表示——“真是一群可怜的孩子！哥只是弄出了连连看就把你们惊喜成这个样子，那要是再推出了、仙剑、暗黑、魔兽、上古卷轴这些神作，你们岂不是都要幸福的激动死了吗？”\n','http://r.m.biquge5200.com/files/article/image/0/89/89s.jpg',0,3),(254,95,'傲无常','惟我神尊','0','2016-01-30 00:00:00','2010-10-01 00:00:00','蛮荒大陆，毁天灭地，千年沉浮，历经风雨。现又谁能搏击苍穹，只手遮天，脚踏大地，地动山摇，建立起新天地，新家园，超越千年成就未来。陈默，一个备受压迫，欺负，侮辱，被人嘲笑的穿越者。凭借着坚韧不拔，强大的意志力，一步一个脚印，成就大才。敌人永远是自己的试炼石，锻造了体魄，磨砺了意志，造就了唯我独尊，天地弹指间，八方来拜，谁不臣服。根本不必回头去看咒骂你的人是谁？他坚信：与其说被别人嘲笑鄙视，与其说被别人踩在脚下，与其说别人让你痛苦，不如让自己来当别人。不轻狂，妄少年。不热血，妄青春。\n','http://r.m.biquge5200.com/files/article/image/0/95/95s.jpg',0,1),(258,68,'大罗罗','天朝之梦','0','2016-01-30 00:00:00','2010-10-01 00:00:00','满清道光年，列强虎视，国门洞开，华夏遭遇三千年未有之变局，百年沉沦的命运，难道真的不可避免吗？一名满心只想着治病救人赚钱的海归医科硕士，壮志未酬就悲催的穿越到了维多利亚女王统治下的英伦，却远隔万里，吹响了华夏变革崛起的号角，开创了一个全新的时代……这是一个风云激荡的年代，残酷激烈的近代战争，酝酿当中的欧洲革命，一位位伟人在引领历史，一个个小人物在创造历史，一幅波澜壮阔而又香艳缠绵的世纪画卷即将展开。各位书友要是觉得《天朝之梦》还不错的话请不要忘记向您群和微博里的朋友推荐哦！\n','http://r.m.biquge5200.com/files/article/image/0/68/68s.jpg',0,4),(267,99,'唐家三少','斗罗大陆II绝世唐门','0','2016-01-30 00:00:00','2010-10-01 00:00:00','这里没有魔法，没有斗气，没有武术，却有武魂。唐门创立万年之后的斗罗大陆上，唐门式微。一代天骄横空出世，新一代史莱克七怪能否重振唐门，谱写一曲绝世唐门之歌？百万年魂兽，手握日月摘星辰的死灵圣法神，导致唐门衰落的全新魂导器体系。一切的神奇都将一一展现。唐门暗器能否重振雄风，唐门能否重现辉煌，一切尽在绝世唐门！【斗罗大陆，我想，有这几个字就足够了吧。归来吧，唐门的兄弟姐妹】群群号：（加群需要全订阅或粉丝值三千）唐门力堂：唐门敏堂：（入群需有起点账号）\n','http://r.m.biquge5200.com/files/article/image/0/99/99s.jpg',0,1),(269,70,'宅猪','帝尊','0','2016-01-30 00:00:00','2010-10-01 00:00:00','武道可以通神！武道修炼到神轮的境界，便可以炼就神通，超凡脱俗！\n','http://r.m.biquge5200.com/files/article/image/0/70/70s.jpg',0,2),(271,69,'华丽的虚伪','红警之索马里','0','2016-01-30 00:00:00','2010-10-01 00:00:00','莫名奇妙来到索马里的李岚，却拥有号称一切奇迹的创造者——红色警戒基地车。至此，一场席卷地球的风暴悄然在索马里形成。李岚：“我的存在，除了不断创造奇迹外，就是要挑战世界秩序！”奥巴马：“我们必须加强在印度洋的军事存在，特别是亚丁湾，一个航母战斗群绝对不够。”萨科奇：“为了保证地区的和平稳定，必须出兵索马里，推翻恐怖主义倾向的政权，建立亲和西方的政权。”普京：“又多了一个可以拉拢的对象，这有助于俄罗斯在亚丁湾的存在感。”安倍：“谁能告诉我，那些大章鱼是怎么回事，为什么天天在日本周围海域晃悠，而且为什么它们只袭击我们日本的船只。难道我生活在恐怖片里面吗？”中华领导人：“请大家保持克制，相信全新的索马里政府，一定会彻底决解地区和平问题的。”华丽：“天启控制仪、核弹发射井、航空母舰、天启坦克、黑鹰战机……，一个都不能少。”\n','http://r.m.biquge5200.com/files/article/image/0/69/69s.jpg',0,4),(274,74,'零下九十度','超神建模师','0','2016-01-30 00:00:00','2010-10-01 00:00:00','源能降临，凶兽纵横，超能力丛生。苏浩只是一名掌握了低级源能模型分析的普通高三学生，然而，当他在脑海中建立出人物模型，分析出对方能力之后，一股狂热的念头在脑海中回荡，如果他建立出整个世界的模型，会怎样？这是否意味着，他可以——掌！控！世！界！\n','http://r.m.biquge5200.com/files/article/image/0/74/74s.jpg',0,6),(284,11,'唐家三少','天珠变','0','2016-01-30 00:00:00','2010-10-01 00:00:00','人有本命珠，觉醒后或为意珠、或为体珠，如手串分别在左右手腕处盘旋。天珠如人类之双胞胎，当意、体双珠同时出现在一个人身上的时候，即为天珠。修炼体珠者是为体珠师，修炼意珠者是为意珠师，而修炼天珠者自然即是天珠师。天珠师最高为十二双珠，因此，它的修炼过程也被称之为：天珠十二变。我们的主角就是一位修炼着天珠变的弓箭手。【无限全本，人品第一，三少所出，必为精品，欢迎收藏】\n','http://r.m.biquge5200.com/files/article/image/0/11/11s.jpg',0,1),(293,72,'彩虹之门','重生之超级战舰','0','2016-01-30 00:00:00','2010-10-01 00:00:00','在地球毁灭的前一个星期，萧宇将自己的灵魂和一艘星际飞船的主控电脑融合在一起，抢在地球毁灭之前逃了出去。和电脑融合之后，萧宇在拥有电脑强大计算力的同时，也拥有着身为人类的强大创新和探索能力。于是，萧宇所栖身的这艘简陋的星际飞船，开始了不断的进化，从化学发动机进化为核动力发动机，又从核动力发动机进化为正反物质湮灭发动机，体积和质量也开始不断的增大。随着科技的不断发展，萧宇也开始尝试打造一支集攻击、防御、探索、登陆、采集等多功能为一体的真正星际超级舰队……\n','http://r.m.biquge5200.com/files/article/image/0/72/72s.jpg',0,6),(300,26,'完美WM','英雄联盟电竞梦','1','2016-01-30 00:00:00','2010-10-01 00:00:00','一名叫做刘松年的青年整日不务正业，沉迷在电竞游戏英雄联盟之中。幻想着某一天能够代表中国参加世界大赛夺得冠军。终于，在生活压力的迫使下，他勇敢地主动联系了战队的教练，表达了自己想要入队的意图。由此踏出了第一步。这不是普通的竞技小说，而是电子竞技小说！这是一本属于所有电竞人和热爱电竞，享受电竞的电竞爱好者的书。请期待刘松年如何处理混乱的电竞圈的种种争端与个人感情问题吧~各位书友要是觉得《英雄联盟电竞梦》还不错的话请不要忘记向您群和微博里的朋友推荐哦！\n','http://r.m.biquge5200.com/files/article/image/0/26/26s.jpg',0,5),(319,36,'林海听涛','冠军之光','1','2016-01-30 00:00:00','2010-10-01 00:00:00','他是一个门外汉——“足球不能用手，笨蛋！”他有远大理想——“我想踢足球赚钱！”他还有点搞不清楚状况——“我会打败你的，卡卡，我一定会打败你的！”一个足球菜鸟的狂言，一个山里少年的逆天之旅。“他除了跑得快还有什么？”“还有一颗想变强的心。”各位书友要是觉得《冠军之光》还不错的话请不要忘记向您群和微博里的朋友推荐哦！\n','http://r.m.biquge5200.com/files/article/image/0/36/36s.jpg',0,5),(322,47,'三十二变','萌娘武侠世界','0','2016-01-30 00:00:00','2010-10-01 00:00:00','天才学生李岩来到了武侠的世界。此时正值异族入侵，宋国掀起了一股学武的热潮，一名叫东方不败的姑娘，在京都汴梁开了间名叫“黑木崖”的武侠学校，广收学员，传授武艺。李岩被抓进去之后发现，学校里的同学们，居然全都是武侠小说中大名鼎鼎的主角。思想品德老师岳不群走上了讲台：“本节课教大家的是侠义精神。”李岩大吃一惊，岳不群教的侠义课能听？赶紧逃课。校医老师平一指走上了讲台：“本节课要教大家医德。”李岩大吃一惊，平一指教的医德课能听？赶紧逃课。校长东方不败走上了讲台：“本节课教大家葵花宝典。”李岩大吃一惊，捂着裤档赶紧逃课。各位书友要是觉得《萌娘武侠世界》还不错的话请不要忘记向您群和微博里的朋友推荐哦！\n','http://r.m.biquge5200.com/files/article/image/0/47/47s.jpg',0,5),(326,41,'鱼人二代','极品修真强少','1','2016-10-18 00:00:00','2010-10-01 00:00:00','为父正名，守护女神，一条不寻常的修仙之路。萧家的纨绔少爷萧辰，一朝落魄，引以为傲的父亲不知所踪；成为家族弃子；未婚妻变成了女主人，萧辰不但成为了未婚妻的贴身男佣，最可悲的是，没有薪水也就算了，还得交房租！不过……这都不要紧，苦逼少年也有春天，谁让他成为了牛逼闪闪的修真者呢？各位书友要是觉得《极品修真强少》还不错的话请不要忘记向您群和微博里的朋友推荐哦！\n','http://r.m.biquge5200.com/files/article/image/0/41/41s.jpg',0,3),(337,97,'烟雨江南','永夜君王','1','2019-01-10 00:00:00','2010-10-01 00:00:00','千夜自困苦中崛起，在背叛中坠落。自此一个人，一把枪，行在永夜与黎明之间，却走出一段传奇。若永夜注定是他的命运，那他也要成为主宰的王。\n','http://r.m.biquge5200.com/files/article/image/0/97/97s.jpg',0,10),(338,92,'三胖','重生之神级学霸','0','2016-01-30 00:00:00','2010-10-01 00:00:00','　　苹果公司创始人兼乔布斯接受时代周刊采访时，说道：这个地球上，真正让我感到恐惧的人只有一个，绝对不是盖茨那个二货，这个年轻人叫刘猛，来自华夏。第二天，所有媒体都想尽办法采访这个乔布斯口中的刘猛，不挖不知道，一挖吓一跳，没想到这个年轻人还有其他惊人的创举和让世人瞩目的成就。。一个技术宅重生回到十年前的故事，他是获得菲尔茨奖章最年轻的数学家，他打破了获得诺贝尔奖的各项记录，他是纵横世界的娱乐业大亨，他是引领潮流的电子商业巨鳄，他叫刘猛。本书大纲完备，不烂尾，不；更新稳定、固定；挖坑必填。\n','http://r.m.biquge5200.com/files/article/image/0/92/92s.jpg',0,3),(340,98,'跳舞','天骄无双','0','2016-01-30 00:00:00','2010-10-01 00:00:00','　　笑到忧伤……怒至癫狂！！“想和恶魔做个交易么？可以得到想要的一切哦！”“交易？需要我付出什么呢？”“你的灵魂！”“灵魂？呃……那东西我留着还有用，节操什么的你收不收？”……简介【非官方版】：毁三观无下限碎节操！警告，此是万人巨坑，坑死人不赔命，慎入！简介【恶魔老书迷版】：恶魔法则后传！！！这句话足够了吧！：没看过恶魔法则的请注意，就当是一本新书看，不会有阅读障碍的。\n','http://r.m.biquge5200.com/files/article/image/0/98/98s.jpg',0,1),(372,24,'泰平绅士','暴力牛魔王','0','2016-01-30 00:00:00','2010-10-01 00:00:00','我欲学古风，重振雄豪气。名声如粪土，不屑仁者讥。身配削铁剑，一怒即杀人。宁教万人切齿恨，不教无有骂我名。放眼世界五千年，何处英雄不杀人？杀一人为罪，屠万是为雄。屠得九百万，即为雄中雄！我是内家形意拳大师，我是穿越者叶寒，我是战斗中的人肉搅拌机，我是铁蹄部落牛头人凯特尔热血铸就王座，暴力打造基石!我是牛魔王－－－－－叶？凯特尔各位书友要是觉得《暴力牛魔王》还不错的话请不要忘记向您群和微博里的朋友推荐哦！\n','http://r.m.biquge5200.com/files/article/image/0/24/24s.jpg',0,1),(422,59,'齐橙','材料帝国','1','2016-01-30 00:00:00','2010-10-01 00:00:00','材料，是工业的基础，也是一个工业大国的基石。秦海，一位来自于世纪的材料学专家，穿越到了年的一家小农机厂。于是，一切遗憾终将不再，一切辉煌得以续写。电性功能材料、光学功能材料、生物医学功能材料、超导材料、纳米材料、化学薄膜材料、智能材料、敏感材料、储氢材料……种种神奇，尽在《材料帝国》。\n','http://r.m.biquge5200.com/files/article/image/0/59/59s.jpg',0,3),(483,43,'火星引力','网游之天谴修罗','0','2016-01-30 00:00:00','2010-10-01 00:00:00','为了拯救绝症妹妹的最后希望，凌尘进入新开启的虚拟游戏世界，并加入一个全是女孩子的小型工作室，从此踏上他的巅峰之路。一弯几乎被历史遗忘的上古邪物“天谴之月”成就了他不可超越的巅峰神话，也让他在不知不觉间踏上了一条注定遭天之谴罚的修罗之道。各位书友要是觉得《网游之天谴修罗》还不错的话请不要忘记向您群和微博里的朋友推荐哦！\n','http://r.m.biquge5200.com/files/article/image/0/43/43s.jpg',0,5),(858,121,'赤坚','武侠大宗师','0','2016-01-30 00:00:00','2010-10-01 00:00:00','一个内家拳高手进入了金庸武侠世界。从此，武侠世界中多了一批国术高手，更多出一个大宗师。\n','http://r.m.biquge5200.com/files/article/image/0/121/121s.jpg',0,2),(859,113,'黄华溢','英雄监狱','1','2019-11-14 00:00:00','2010-10-01 00:00:00','有些人注定要相聚，哪怕一个在天堂，一个在地狱。玫瑰监狱，现实世界第一监狱！这里关押着全球最顶尖的高智商罪犯，商界精英、政界巨头、超级黑客、甚至是核武器专家都能在这里找到，带领这样一群人进入虚拟世界，会发生什么事情？英雄监狱，虚拟世界第一监狱！这里关押着各种强大的英雄，深渊领主、堕落天使、末日使者、赏金猎人，甚至是强大的——神！随身带着这样一座监狱，谁惹了我，我就放一头出来……其实世界就是一座监狱，想要获得真正的自由，就要改变世界！\n','http://r.m.biquge5200.com/files/article/image/0/113/113s.jpg',0,5),(860,109,'木木狂歌','异界最强战斗法师','0','2016-01-30 00:00:00','2010-10-01 00:00:00','牧者之城——奴隶交易的摇篮，黑暗强者的天堂，拳头够硬的人能在这里得到一切。在牧者之城，几乎每一个人都认识杜兰德，却没有人知道他究竟是谁、来自何方、身份如何、实力怎样……他就像一个谜团，勾引着人们的好奇心，却没有人敢去轻易拆解那错综复杂的线。直到有一天，一个叫安德丽雅的女人揭去了笼罩在他身上的那层薄纱。于是，世界由此走向动荡。——————————————————————————————————我是杜兰德，一名战斗法师，来自强大的主位面——森德洛。我行走在这个陌生世界的光与暗之间。我已然拥有曾经憧憬过的一切，哪怕是黑暗世界的至高权柄，对我而言也是唾手可得。可我并不属于现在所处的这个世界，也找不到回家的路。我……不是迷途的羔羊。我是迷途的狼。分享书籍《异界最强战斗法师》作者：木木狂歌\n','http://r.m.biquge5200.com/files/article/image/0/109/109s.jpg',0,5),(861,104,'努力爬树的猪','鬼仙异界行','1','2016-01-30 00:00:00','2010-10-01 00:00:00','【起点第三编辑组签约作品】如果看的高兴请顺便点击一下收藏推荐*^◎^*≡≡≡≡≡≡≡≡≡≡≡≡≡≡≡≡≡≡≡≡≡≡≡≡≡≡≡≡≡≡≡≡≡≡≡≡≡≡≡≡≡≡≡≡修罗门关门弟子段玉，因全门被灭，在仇恨的诱使下修炼了修罗门传承功法：炼狱涅槃，但因条件不足，修炼眼看即将失败，灵魂消散，因缘巧合之下竟然被召唤到异界以魂修仙的传奇经历，修真与魔法斗气的真实碰撞，情与爱的交织，生死间的悲欢离合，一个修真人踏上异世天地巅峰的故事，一本随心而作的小说，请用心阅读，绝不会让大家失望的^^≡≡≡≡≡≡≡≡≡≡≡≡≡≡≡≡≡≡≡≡≡≡≡≡≡≡≡≡≡≡≡≡≡≡≡≡≡≡≡≡≡≡≡≡支持小猪的^^想要和小猪交朋友的∩∩~有自己独特想法的↖^ω^↗请加入我们鬼门的大家庭来吧*^◎^*鬼门一群—（未满）分享书籍《鬼仙异界行》作者：努力爬树的猪\n','http://r.m.biquge5200.com/files/article/image/0/104/104s.jpg',0,1),(862,126,'贼眉鼠眼','明朝伪君子','0','2016-01-30 00:00:00','2010-10-01 00:00:00','孝宗皇帝中兴大明，正德小子荒唐浪荡，士子激昂空谈江山，厂卫番尉如虎如狼。机会与危机并存的年代里，大明盛世的熙攘中，一个名叫秦堪的年轻人，吹皱了一池春水。当他以风度翩翩的优雅姿态为非作歹时，大明的文臣，武将，太监们心中对“君子”二字的定义终于彻底颠覆了。\n','http://r.m.biquge5200.com/files/article/image/0/126/126s.jpg',0,4),(863,102,'疯神狂想','都市藏真','1','2016-11-06 00:00:00','2010-10-01 00:00:00','　　十年前的一段缘分，让他获得了一件至宝，并且让他变得不再平凡。玄元控水旗，天地五行旗之一，让他具有了控水神通，并且过目不忘。现代毕竟已经不是武力称雄的年代，在现代的大都市，知识也能创造财富，他没有透视眼，一样能够赌石赚钱。他没有各种分身，一样在海底寻宝。他没有空间，也一样快乐种田。他没有金手指，也一样鉴伪存真。地道的农村孩子，学富百车，在繁华的都市之中，演绎自己平凡而精彩的人生。\n','http://r.m.biquge5200.com/files/article/image/0/102/102s.jpg',0,3),(864,123,'西贝猫','召唤圣剑','0','2016-01-30 00:00:00','2010-10-01 00:00:00','这是一个混乱的年代，黑暗的阴影吞噬万物现实与幻想的界限变的模糊，当那一点星光闪耀在夜空中时罗德曾是网络游戏《龙魂大陆》中最强大的玩家公会星光的会长，而就在他率领众玩家打败游戏中从未被人击败过的最终虚空之龙后，他却意外的来到了一个和游戏几乎完全相同的世界。带着玩家专属职业召唤剑士穿越到这个世界，曾经被称为最强玩家的他，要如何面对这片大陆即将到来的混乱与毁灭，改变大陆的命运？\n','http://r.m.biquge5200.com/files/article/image/0/123/123s.jpg',0,3),(865,138,'天不负01','末世重生之龙帝','1','2016-01-30 00:00:00','2010-10-01 00:00:00','波澜壮阔大进化时代是末世？还是机遇？末世重生，逆天归来！诡秘狡诈的人性道德！倾国倾城的绝代佳人！激情热血的强者碰撞！群雄并起，诸强并立!横扫九州，威震八方！这是属于整个人类的时代，也是属于楚寒一个人的舞台！\n','http://r.m.biquge5200.com/files/article/image/0/138/138s.jpg',0,6),(866,118,'苍天白鹤','无敌唤灵','0','2016-01-30 00:00:00','2010-10-01 00:00:00','戎家弟子凯旋偶有奇遇，习得唤灵之术，召唤永久存在之特殊灵体，从而名扬天下。\n','http://r.m.biquge5200.com/files/article/image/0/118/118s.jpg',0,1),(867,125,'远征士兵','越战的血','0','2016-01-30 00:00:00','2010-10-01 00:00:00','一个在现代只知道花天酒地的纨绔子弟，来到了他父亲所在的对越自卫反击战时代，他又会怎样面对这样一个血与火的世界，怎样面对自己曾经痛恨过的父亲呢？越战的血，为您开辟一个全新的战场，讲述一段不同寻常的战友之情！\n','http://r.m.biquge5200.com/files/article/image/0/125/125s.jpg',0,4),(868,119,'梦入神机','星河大帝','0','2017-08-09 00:00:00','2010-10-01 00:00:00','当人类开始踏入星河时代，古老的修行就焕发出来了新的生命力。修行，无论在任何时代永远不会过时。金刚经中，须菩提问释迦牟尼，“要成佛，如何降服其心？”。一句话，就道尽了修行的真谛，四个字，降服其心。心神通广大，所以孙悟空又叫做心猿。每一个人的心灵就是一尊孙悟空，降服心猿，就可成斗战胜佛。在星河大帝之中，梦入神机为你阐述修行的真谛。\n','http://r.m.biquge5200.com/files/article/image/0/119/119s.jpg',0,1),(869,156,'狗狍子','武尊道','0','2016-01-30 00:00:00','2010-10-01 00:00:00','武之道极，封霸环宇。布天下之大局，玄幻莫测。探险、皇族、野兽、身世、出尘、武之奥义、气之玄妙、道之真谛、人之义气，挥天下之霸气，露义士之侠义，看不尽的柔情，数不尽的洒脱，尽在狗狍子新作《武尊道》。各位书友要是觉得《武尊道》还不错的话请不要忘记向您群和微博里的朋友推荐哦！\n','http://r.m.biquge5200.com/files/article/image/0/156/156s.jpg',0,1),(870,197,'单纯宅男','土豪系统','0','2016-01-30 00:00:00','2010-10-01 00:00:00','母亲被他气进了医院！父亲因他而被娱乐圈封杀！左邻右舍见了他就绕道走！整个一家人被有权有势的外公家嫌弃！一家子的经济压力落到了哥哥身上，可哥哥只是个扑街作者，虽然文笔一流，但题材老套，剧情狗血，尽管每天码字码到凌晨两三点，却只能勉强维持一家生计！面对这一堆烂摊子，刚穿越过来的周星傻眼了。好在天无绝人之路，土豪系统从天而降，帮助周星解决一切难关，一切都从做一个名震四方的神豪读者开始改变。各位书友要是觉得《土豪系统》还不错的话请不要忘记向您群和微博里的朋友推荐哦！\n','http://r.m.biquge5200.com/files/article/image/0/197/197s.jpg',0,3),(871,174,'名窑','极品小农场','1','2017-12-24 00:00:00','2010-10-01 00:00:00','异国他乡，悠哉小农民。啤酒，小菜，牛羊烧烤，小池塘，三五鱼虾，一锅汤。春有百花秋有月,夏有凉风冬有雪,林间一小屋。－－－－－－－－－－－－－－－－－－－－－－－－－－－－－－完本近五百万字《极品乡村生活》大家可以看一下。\n','http://r.m.biquge5200.com/files/article/image/0/174/174s.jpg',0,3);
/*!40000 ALTER TABLE `book` ENABLE KEYS */;
UNLOCK TABLES;

--
-- Table structure for table `bookchapter`
--

DROP TABLE IF EXISTS `bookchapter`;
/*!40101 SET @saved_cs_client     = @@character_set_client */;
 SET character_set_client = utf8mb4 ;
CREATE TABLE `bookchapter` (
  `Id` int(200) NOT NULL AUTO_INCREMENT,
  `bookId` int(45) NOT NULL,
  `bookChapterId` int(45) NOT NULL,
  `chapterTitle` varchar(45) NOT NULL,
  `chapterContentUrl` varchar(45) NOT NULL,
  `createTime` datetime NOT NULL,
  `bookName` varchar(256) NOT NULL,
  PRIMARY KEY (`Id`),
  UNIQUE KEY `Id_UNIQUE` (`Id`)
) ENGINE=InnoDB AUTO_INCREMENT=53 DEFAULT CHARSET=utf8;
/*!40101 SET character_set_client = @saved_cs_client */;

--
-- Dumping data for table `bookchapter`
--

LOCK TABLES `bookchapter` WRITE;
/*!40000 ALTER TABLE `bookchapter` DISABLE KEYS */;
/*!40000 ALTER TABLE `bookchapter` ENABLE KEYS */;
UNLOCK TABLES;

--
-- Table structure for table `bookinfo`
--

DROP TABLE IF EXISTS `bookinfo`;
/*!40101 SET @saved_cs_client     = @@character_set_client */;
 SET character_set_client = utf8mb4 ;
CREATE TABLE `bookinfo` (
  `bookInfoId` int(40) NOT NULL AUTO_INCREMENT,
  `bookTypeId` int(20) NOT NULL,
  `bookId` int(45) NOT NULL,
  `bookTypeName` varchar(256) NOT NULL,
  `bookName` varchar(256) NOT NULL,
  `authorName` varchar(256) NOT NULL,
  `status` varchar(45) NOT NULL DEFAULT '1',
  `updateTime` datetime NOT NULL DEFAULT '2017-04-21 00:00:00',
  `bookImg` varchar(256) DEFAULT '/images/bookImgDefault.jpg',
  `latestChapter` int(45) NOT NULL,
  `latestChTitle` varchar(45) NOT NULL,
  `bookVisits` int(45) NOT NULL DEFAULT '0',
  `bookCollect` int(45) NOT NULL DEFAULT '0',
  `bookDownload` int(45) NOT NULL DEFAULT '0',
  PRIMARY KEY (`bookInfoId`),
  UNIQUE KEY `bookInfoId_UNIQUE` (`bookInfoId`),
  UNIQUE KEY `bookId_UNIQUE` (`bookId`),
  KEY `bookTypeIdfore_idx` (`bookTypeId`),
  CONSTRAINT `bookTypeIdfore` FOREIGN KEY (`bookTypeId`) REFERENCES `booktype` (`booktypeid`)
) ENGINE=InnoDB AUTO_INCREMENT=1921 DEFAULT CHARSET=utf8;
/*!40101 SET character_set_client = @saved_cs_client */;

--
-- Dumping data for table `bookinfo`
--

LOCK TABLES `bookinfo` WRITE;
/*!40000 ALTER TABLE `bookinfo` DISABLE KEYS */;
INSERT INTO `bookinfo` VALUES (1409,6,6,'科幻小说','星战风暴','骷髅精灵','1','2018-04-10 00:00:00','http://r.m.biquge5200.com/files/article/image/0/6/6s.jpg',153568594,'第三天求月票！',10,0,0),(1410,3,14,'都市小说','我的纯情女租客','老辰','1','2016-01-30 00:00:00','http://r.m.biquge5200.com/files/article/image/0/14/14s.jpg',2854099,'号召一下！',3,1,0),(1411,2,15,'修真小说','大泼猴','甲鱼不是龟','1','2020-10-13 00:00:00','http://r.m.biquge5200.com/files/article/image/0/15/15s.jpg',168821704,'新书！迈向克里玛莎！',0,0,0),(1412,3,5,'都市小说','神级管家','蓝豆生南国','1','2017-03-14 00:00:00','http://r.m.biquge5200.com/files/article/image/0/5/5s.jpg',140964569,'完本，说几句',0,0,0),(1413,5,26,'游戏小说','英雄联盟电竞梦','完美WM','1','2016-01-30 00:00:00','http://r.m.biquge5200.com/files/article/image/0/26/26s.jpg',2163134,'第七百零五章 步步为营的VG',7,1,0),(1414,2,27,'修真小说','莽荒纪','我吃西红柿','0','2016-01-30 00:00:00','http://r.m.biquge5200.com/files/article/image/0/27/27s.jpg',1839779,'番茄新书《雪鹰领主》正式上传！',0,0,0),(1415,1,9,'玄幻小说','完美世界','辰东','1','2019-07-08 00:00:00','http://r.m.biquge5200.com/files/article/image/0/9/9s.jpg',167436222,'第一千零四十八章 回仙古圣墟',1,0,0),(1416,1,10,'玄幻小说','天醒之路','蝴蝶蓝','1','2019-12-12 00:00:00','http://r.m.biquge5200.com/files/article/image/0/10/10s.jpg',169836940,'第九百七十八章 为难',1,0,0),(1417,2,33,'修真小说','随身仙府','九阳仙尊','0','2016-01-30 00:00:00','http://r.m.biquge5200.com/files/article/image/0/33/33s.jpg',1006749,'结束语',0,0,0),(1418,1,13,'玄幻小说','傲世九重天','风凌天下','0','2016-01-30 00:00:00','http://r.m.biquge5200.com/files/article/image/0/13/13s.jpg',1142545,'新书《天域苍穹》已发！兄弟姐妹们快来！',0,0,0),(1419,3,18,'都市小说','红色大导演','黑色的单车','0','2016-01-30 00:00:00','http://r.m.biquge5200.com/files/article/image/0/18/18s.jpg',1629796,'再说说黑车的新书',0,0,0),(1420,6,81,'科幻小说','萌军舰娘','啪啪桑','1','2016-01-30 00:00:00','http://r.m.biquge5200.com/files/article/image/0/81/81s.jpg',5756894,'关于这次事件的一点感言。',1,1,0),(1421,1,24,'玄幻小说','暴力牛魔王','泰平绅士','0','2016-01-30 00:00:00','http://r.m.biquge5200.com/files/article/image/0/24/24s.jpg',1171692,'后记',0,0,0),(1422,5,3,'游戏小说','神级英雄','大烟缸','1','2019-08-10 00:00:00','http://r.m.biquge5200.com/files/article/image/0/3/3s.jpg',168027336,'新书番外：白富美应聘销售经理',1,0,0),(1423,2,4,'修真小说','造化之门','鹅是老五','1','2017-03-13 00:00:00','http://r.m.biquge5200.com/files/article/image/0/4/4s.jpg',141426997,'新书《不朽凡人》已经发布不朽凡人',0,0,0),(1426,4,2,'历史小说','三国大发明家','血祭之夜','0','2016-01-30 00:00:00','http://r.m.biquge5200.com/files/article/image/0/2/2s.jpg',1361147,'第五百七十四章 大结局',0,0,0),(1429,3,20,'都市小说','超级制造帝国','葫芦村人','0','2016-01-30 00:00:00','http://r.m.biquge5200.com/files/article/image/0/20/20s.jpg',1111171,'500 离开（大结局）',0,0,0),(1430,1,16,'玄幻小说','奥古斯都之路','幸运的苏拉','1','2016-01-30 00:00:00','http://r.m.biquge5200.com/files/article/image/0/16/16s.jpg',2027672,'第20章 谢幕',0,0,0),(1431,1,12,'玄幻小说','万族王座','鸿蒙树','0','2016-01-30 00:00:00','http://r.m.biquge5200.com/files/article/image/0/12/12s.jpg',5756999,'老树新书《仙门弃少》已在起点中文网发布，敬请一观！',0,0,0),(1432,5,46,'游戏小说','斩龙','失落叶','0','2016-01-30 00:00:00','http://r.m.biquge5200.com/files/article/image/0/46/46s.jpg',1092465,'一千三百七十九章 重生（大结局）',0,0,0),(1433,1,95,'玄幻小说','惟我神尊','傲无常','0','2016-01-30 00:00:00','http://r.m.biquge5200.com/files/article/image/0/95/95s.jpg',1180078,'大结局+后记',0,0,0),(1434,4,64,'历史小说','抗日之兵魂传说','丑牛1985','0','2016-01-30 00:00:00','http://r.m.biquge5200.com/files/article/image/0/64/64s.jpg',2144429,'完本感言',0,0,0),(1435,1,11,'玄幻小说','天珠变','唐家三少','0','2016-01-30 00:00:00','http://r.m.biquge5200.com/files/article/image/0/11/11s.jpg',5754602,'麻烦大家把推荐票投给新书《神印王座》',0,0,0),(1442,1,1,'玄幻小说','人皇','十步行','0','2016-01-30 00:00:00','http://r.m.biquge5200.com/files/article/image/0/1/1s.jpg',5571755,'新书《纯阳武神》发布了！',0,0,0),(1443,2,28,'修真小说','魔天记','忘语','0','2016-01-30 00:00:00','http://r.m.biquge5200.com/files/article/image/0/28/28s.jpg',5984346,'新书《玄界之门》',0,0,0),(1446,1,44,'玄幻小说','苍穹龙骑','华表','1','2016-07-11 00:00:00','http://r.m.biquge5200.com/files/article/image/0/44/44s.jpg',17118291,'番外：第1635节-王',0,0,0),(1447,5,36,'游戏小说','冠军之光','林海听涛','1','2016-01-30 00:00:00','http://r.m.biquge5200.com/files/article/image/0/36/36s.jpg',1265439,'第八十六章 为实现梦想而付出的努力',0,0,0),(1448,3,38,'都市小说','校花的贴身高手','鱼人二代','1','2020-10-15 00:00:00','http://r.m.biquge5200.com/files/article/image/0/38/38s.jpg',175152599,'第8986章',27,1,0),(1449,3,52,'都市小说','大豪门','不信天上掉馅饼','0','2016-01-30 00:00:00','http://r.m.biquge5200.com/files/article/image/0/52/52s.jpg',2288089,'完本唠唠嗑',0,0,0),(1450,2,32,'修真小说','大道独行','雾外江山','1','2016-01-30 00:00:00','http://r.m.biquge5200.com/files/article/image/0/32/32s.jpg',5769784,'第一千七百五十七章 后记，未来的时光（特别重要，请进来一看！）',0,0,0),(1451,6,91,'科幻小说','不朽星空','废稿三千','0','2016-01-30 00:00:00','http://r.m.biquge5200.com/files/article/image/0/91/91s.jpg',2024150,'第六百四十八章 尾声（完）',0,0,0),(1452,3,39,'都市小说','重生之神级败家子','辰机唐红豆','0','2016-01-30 00:00:00','http://r.m.biquge5200.com/files/article/image/0/39/39s.jpg',2095108,'第一三一五章 史上最豪华的婚礼',0,0,0),(1453,2,30,'修真小说','执魔','我是墨水','1','2020-09-21 00:00:00','http://r.m.biquge5200.com/files/article/image/0/30/30s.jpg',174779274,'第1264章 寻宁凡不遇',1,0,0),(1454,4,69,'历史小说','红警之索马里','华丽的虚伪','0','2016-01-30 00:00:00','http://r.m.biquge5200.com/files/article/image/0/69/69s.jpg',6234629,'道歉以及红警未来篇',0,0,0),(1455,5,53,'游戏小说','网游之三国超级领主','三心二缺','1','2020-06-24 00:00:00','http://r.m.biquge5200.com/files/article/image/0/53/53s.jpg',172787382,'第八百五十九章 奇巧操作',0,0,0),(1456,2,70,'修真小说','帝尊','宅猪','0','2016-01-30 00:00:00','http://r.m.biquge5200.com/files/article/image/0/70/70s.jpg',5753967,'番外篇，宣无邪传（下）',0,0,0),(1457,6,77,'科幻小说','漫威世界里的超人','纯洁的猪头','1','2016-01-30 00:00:00','http://r.m.biquge5200.com/files/article/image/0/77/77s.jpg',5427506,'第三百三十八章 突破起源之墙',1,0,0),(1459,5,54,'游戏小说','拯救武侠美眉','我的背影我的光','0','2016-01-30 00:00:00','http://r.m.biquge5200.com/files/article/image/0/54/54s.jpg',274793,'活过,爱过,写过(完本感言)',0,0,0),(1460,2,31,'修真小说','我欲封天','耳根','1','2020-05-29 00:00:00','http://r.m.biquge5200.com/files/article/image/0/31/31s.jpg',172403222,'第六卷 名动九山真仙路 第966章 风云起！',0,0,0),(1461,6,79,'科幻小说','最强丧尸传说','很冇节操','1','2016-07-03 00:00:00','http://r.m.biquge5200.com/files/article/image/0/79/79s.jpg',16895886,'强行完本公告',0,0,0),(1462,2,90,'修真小说','我成了防御法宝','小豹子','1','2016-01-30 00:00:00','http://r.m.biquge5200.com/files/article/image/0/90/90s.jpg',499783,'第248章 蓬莱仙岛(大结局)',0,0,0),(1463,6,78,'科幻小说','神级反派','野山黑猪','1','2016-01-30 00:00:00','http://r.m.biquge5200.com/files/article/image/0/78/78s.jpg',3044971,'第29章 写在最后的话',0,0,0),(1464,6,75,'科幻小说','黑铁之堡','黑铁之堡','1','2016-01-30 00:00:00','http://r.m.biquge5200.com/files/article/image/0/75/75s.jpg',6363407,'第四十三卷 第二章 人杰鬼雄',0,0,0),(1465,3,41,'都市小说','极品修真强少','鱼人二代','1','2016-10-18 00:00:00','http://r.m.biquge5200.com/files/article/image/0/41/41s.jpg',19606793,'新书《总裁校花赖上我》发布~~~~',0,0,0),(1467,1,49,'玄幻小说','儒道至圣','永恒之火','1','2019-12-18 00:00:00','http://r.m.biquge5200.com/files/article/image/0/49/49s.jpg',169913199,'新书《众神世界》发布！',0,0,0),(1469,5,42,'游戏小说','网游之三国王者','想枕头的瞌睡','0','2016-01-30 00:00:00','http://r.m.biquge5200.com/files/article/image/0/42/42s.jpg',934382,'完本感言',0,0,0),(1470,4,61,'历史小说','大宋的智慧','孑与2','1','2016-01-30 00:00:00','http://r.m.biquge5200.com/files/article/image/0/61/61s.jpg',3852354,'新书预告《银狐》登陆',0,0,0),(1471,3,59,'都市小说','材料帝国','齐橙','1','2016-01-30 00:00:00','http://r.m.biquge5200.com/files/article/image/0/59/59s.jpg',5774705,'完本感言',0,0,0),(1474,4,67,'历史小说','金鳞开','美味罗宋汤','0','2016-01-30 00:00:00','http://r.m.biquge5200.com/files/article/image/0/67/67s.jpg',1057153,'后记感言',0,0,0),(1475,4,66,'历史小说','混在大唐','纯洁人生','0','2016-01-30 00:00:00','http://r.m.biquge5200.com/files/article/image/0/66/66s.jpg',1374302,'第五百章 一代帝王 38 （终章，全书完）',0,0,0),(1476,6,82,'科幻小说','我的女友是丧尸','黑暗荔枝','0','2016-01-30 00:00:00','http://r.m.biquge5200.com/files/article/image/0/82/82s.jpg',1919432,'完本感言',0,0,0),(1480,4,63,'历史小说','大明官','随轻风去','0','2016-01-30 00:00:00','http://r.m.biquge5200.com/files/article/image/0/63/63s.jpg',1622901,'后记',0,0,0),(1481,2,71,'修真小说','三修奇仙','泛东流','0','2016-01-30 00:00:00','http://r.m.biquge5200.com/files/article/image/0/71/71s.jpg',1922432,'第三百二十八章 百年孤独 全书完',0,0,0),(1482,4,65,'历史小说','隋末阴雄','指云笑天道1','1','2017-08-08 00:00:00','http://r.m.biquge5200.com/files/article/image/0/65/65s.jpg',147986400,'完本感言',0,0,0),(1484,6,73,'科幻小说','至高悬赏','酒煮核弹头','1','2020-07-04 00:00:00','http://r.m.biquge5200.com/files/article/image/0/73/73s.jpg',172948949,'第一千零五十六章 一击毁损地阶神兵？！',2,0,0),(1485,6,72,'科幻小说','重生之超级战舰','彩虹之门','0','2016-01-30 00:00:00','http://r.m.biquge5200.com/files/article/image/0/72/72s.jpg',1193393,'完本感言',0,0,0),(1486,6,76,'科幻小说','征服权能','一念乱天机','0','2016-01-30 00:00:00','http://r.m.biquge5200.com/files/article/image/0/76/76s.jpg',809439,'结尾总结及新书',1,0,0),(1487,2,85,'修真小说','大圣传','说梦者','1','2020-07-04 00:00:00','http://r.m.biquge5200.com/files/article/image/0/85/85s.jpg',172948006,'第五十七章 得书',0,0,0),(1492,6,74,'科幻小说','超神建模师','零下九十度','0','2016-01-30 00:00:00','http://r.m.biquge5200.com/files/article/image/0/74/74s.jpg',1637893,'以吾之名，封印吧V章',0,0,0),(1493,6,60,'科幻小说','最后人类','黑瞳王','0','2016-01-30 00:00:00','http://r.m.biquge5200.com/files/article/image/0/60/60s.jpg',452878,'新书《末世兽医》上传',0,0,0),(1496,4,68,'历史小说','天朝之梦','大罗罗','0','2016-01-30 00:00:00','http://r.m.biquge5200.com/files/article/image/0/68/68s.jpg',1697718,'罗罗的新书上三江了！求支持',0,0,0),(1497,6,80,'科幻小说','灾厄降临','黑十三郎','0','2016-01-30 00:00:00','http://r.m.biquge5200.com/files/article/image/0/80/80s.jpg',6216230,'第一百四十一章,新的试炼者',0,0,0),(1498,1,87,'玄幻小说','武极天下','蚕茧里的牛','0','2016-01-30 00:00:00','http://r.m.biquge5200.com/files/article/image/0/87/87s.jpg',2237411,'武极后传（二） 两个心愿',0,0,0),(1501,10,97,'奇幻小说','永夜君王','烟雨江南','1','2019-01-10 00:00:00','http://r.m.biquge5200.com/files/article/image/0/97/97s.jpg',161883689,'终章 美丽新世界',0,0,0),(1504,3,89,'都市小说','重生之超级游戏大亨','离火加农炮','0','2016-01-30 00:00:00','http://r.m.biquge5200.com/files/article/image/0/89/89s.jpg',1094953,'完本感言',0,0,0),(1505,3,92,'都市小说','重生之神级学霸','三胖','0','2016-01-30 00:00:00','http://r.m.biquge5200.com/files/article/image/0/92/92s.jpg',2032784,'第503章 可口可乐',0,0,0),(1506,2,86,'修真小说','儒术','端木赐','0','2016-01-30 00:00:00','http://r.m.biquge5200.com/files/article/image/0/86/86s.jpg',2072347,'新书（神国），等你封神！',0,0,0),(1507,1,96,'玄幻小说','嘲讽','奥比椰','0','2016-01-30 00:00:00','http://r.m.biquge5200.com/files/article/image/0/96/96s.jpg',396595,'完本的废话',0,0,0),(1509,2,83,'修真小说','少年医仙','逐没','1','2017-10-14 00:00:00','http://r.m.biquge5200.com/files/article/image/0/83/83s.jpg',149319899,'第4144章  永恒的代价（完结）',0,0,0),(1511,3,84,'都市小说','韩娱之勋','呓语痴人','1','2020-10-14 00:00:00','http://r.m.biquge5200.com/files/article/image/0/84/84s.jpg',175137857,'第两千一百一十七章 抵达（下）',1,0,0),(1513,1,99,'玄幻小说','斗罗大陆II绝世唐门','唐家三少','0','2016-01-30 00:00:00','http://r.m.biquge5200.com/files/article/image/0/99/99s.jpg',1044693,'第六百二十二章 大结局〔四〕',1,1,0),(1519,1,94,'玄幻小说','太上章','徐公子胜治','1','2020-07-05 00:00:00','http://r.m.biquge5200.com/files/article/image/0/94/94s.jpg',172964982,'新书《欢想世界》已发布，恳请支持！',1,0,0),(1523,1,98,'玄幻小说','天骄无双','跳舞','0','2016-01-30 00:00:00','http://r.m.biquge5200.com/files/article/image/0/98/98s.jpg',1559758,'第五百八十一章 【那个红头发的男人】',0,0,0),(1525,3,88,'都市小说','功夫圣医','天下青空','1','2018-04-01 00:00:00','http://r.m.biquge5200.com/files/article/image/0/88/88s.jpg',153380212,'第1446章 剑帝亲至',0,0,0),(1526,3,40,'都市小说','宝鉴','打眼','0','2016-01-30 00:00:00','http://r.m.biquge5200.com/files/article/image/0/40/40s.jpg',5918187,'新书《神藏》,大家多多支持!',0,0,0),(1528,5,47,'游戏小说','萌娘武侠世界','三十二变','0','2016-01-30 00:00:00','http://r.m.biquge5200.com/files/article/image/0/47/47s.jpg',1037626,'三十二变',0,0,0),(1530,1,57,'玄幻小说','帝御山河','皇甫奇','1','2016-10-29 00:00:00','http://r.m.biquge5200.com/files/article/image/0/57/57s.jpg',20150850,'结束感言',0,0,0),(1532,5,43,'游戏小说','网游之天谴修罗','火星引力','0','2016-01-30 00:00:00','http://r.m.biquge5200.com/files/article/image/0/43/43s.jpg',5754369,'火星新书《逆天邪神》发布',0,0,0),(1533,5,45,'游戏小说','数据修炼系统','独翼客','0','2016-01-30 00:00:00','http://r.m.biquge5200.com/files/article/image/0/45/45s.jpg',1080837,'第771章：飞升（大结局）',0,0,0),(1534,1,48,'玄幻小说','武神空间','傅啸尘','1','2019-07-21 00:00:00','http://r.m.biquge5200.com/files/article/image/0/48/48s.jpg',167755151,'也说说那个石抄抄的事件',0,0,0),(1540,3,51,'都市小说','全能奇才','九指仙尊','1','2016-01-30 00:00:00','http://r.m.biquge5200.com/files/article/image/0/51/51s.jpg',2157801,'第3176章 暗流汹涌！',0,0,0),(1545,4,58,'历史小说','公子风流','上山打老虎额','0','2016-01-30 00:00:00','http://r.m.biquge5200.com/files/article/image/0/58/58s.jpg',1820137,'完本感言',0,0,0),(1546,5,55,'游戏小说','江湖我独行','心之弈剑','0','2016-01-30 00:00:00','http://r.m.biquge5200.com/files/article/image/0/55/55s.jpg',5102289,'完本感言',0,0,0),(1559,1,21,'玄幻小说','史上第一祖师爷','八月飞鹰','1','2016-01-30 00:00:00','http://r.m.biquge5200.com/files/article/image/0/21/21s.jpg',6212434,'完本感言',0,0,0),(1562,6,25,'科幻小说','星河巫妖','情终流水','1','2017-03-14 00:00:00','http://r.m.biquge5200.com/files/article/image/0/25/25s.jpg',141847576,'仓促上架，急求支援',0,0,0),(1563,1,22,'玄幻小说','无敌药尊','炖肉大锅菜','1','2020-08-22 00:00:00','http://r.m.biquge5200.com/files/article/image/0/22/22s.jpg',174268706,'请假一天！！',0,0,0),(1568,2,29,'修真小说','百炼成仙','幻雨','0','2016-01-30 00:00:00','http://r.m.biquge5200.com/files/article/image/0/29/29s.jpg',2250661,'新书（仙碎虚空）发布',0,0,0),(1570,2,34,'修真小说','三界血歌','血红','0','2016-01-30 00:00:00','http://r.m.biquge5200.com/files/article/image/0/34/34s.jpg',3085897,'第一百五十八章 收徒？',0,0,0),(1576,5,35,'游戏小说','狂狮少帅','天天不休','0','2016-01-30 00:00:00','http://r.m.biquge5200.com/files/article/image/0/35/35s.jpg',1516248,'正式完本，本书最后求支持。',0,0,0),(1594,1,7,'玄幻小说','大主宰','天蚕土豆','1','2019-07-05 00:00:00','http://r.m.biquge5200.com/files/article/image/0/7/7s.jpg',167373115,'第一千三十二章 七阳截天杖',0,0,0),(1603,4,8,'历史小说','夜天子','月关','1','2018-04-17 00:00:00','http://r.m.biquge5200.com/files/article/image/0/8/8s.jpg',153705268,'第17章 跑路英雄',1,0,0),(1609,2,17,'修真小说','斗神','大爱先生','0','2016-01-30 00:00:00','http://r.m.biquge5200.com/files/article/image/0/17/17s.jpg',1083546,'后记',0,0,0),(1610,3,23,'都市小说','修真民工','叶狂徒','0','2016-01-30 00:00:00','http://r.m.biquge5200.com/files/article/image/0/23/23s.jpg',336053,'第652章 新的开始(大结局)',0,0,0),(1618,3,19,'都市小说','电竞英雄','蜊黄大帝','1','2016-01-30 00:00:00','http://r.m.biquge5200.com/files/article/image/0/19/19s.jpg',1814227,'实现梦想，便是结局',0,0,0),(1686,5,56,'游戏小说','神级天赋','长歌扬','1','2016-06-25 00:00:00','http://r.m.biquge5200.com/files/article/image/0/56/56s.jpg',16656408,'第一千三百六十二章 魔神？苏醒？',1,0,0),(1791,17,37,'职场小说','官道无疆','瑞根','1','2018-04-01 00:00:00','http://r.m.biquge5200.com/files/article/image/0/37/37s.jpg',153366301,'官道无疆大结局（22）',0,0,0),(1819,4,50,'历史小说','三国之生化狂人','堂燕归来','0','2016-01-30 00:00:00','http://r.m.biquge5200.com/files/article/image/0/50/50s.jpg',1241484,'完本感言及新书预告',0,0,0),(1857,4,62,'历史小说','明扬天下','何昊远','0','2016-01-30 00:00:00','http://r.m.biquge5200.com/files/article/image/0/62/62s.jpg',1937762,'第1169章 大结局',0,0,0),(1903,3,93,'都市小说','超级仇恨戒指','不死奸臣','0','2016-01-30 00:00:00','http://r.m.biquge5200.com/files/article/image/0/93/93s.jpg',1132548,'完本感言',0,0,0),(1907,2,121,'修真小说','武侠大宗师','赤坚','0','2016-01-30 00:00:00','http://r.m.biquge5200.com/files/article/image/0/121/121s.jpg',1515511,'第七十七章 新的征程',0,0,0),(1908,5,113,'游戏小说','英雄监狱','黄华溢','1','2019-11-14 00:00:00','http://r.m.biquge5200.com/files/article/image/0/113/113s.jpg',169429728,'请书友们不要在本章说里剧透哦。',0,0,0),(1909,5,109,'游戏小说','异界最强战斗法师','木木狂歌','0','2016-01-30 00:00:00','http://r.m.biquge5200.com/files/article/image/0/109/109s.jpg',5757326,'新书开张~！',0,0,0),(1910,1,104,'玄幻小说','鬼仙异界行','努力爬树的猪','1','2016-01-30 00:00:00','http://r.m.biquge5200.com/files/article/image/0/104/104s.jpg',71561,'三十一章 发现',0,0,0),(1911,4,126,'历史小说','明朝伪君子','贼眉鼠眼','0','2016-01-30 00:00:00','http://r.m.biquge5200.com/files/article/image/0/126/126s.jpg',828868,'完本感言',0,0,0),(1912,3,102,'都市小说','都市藏真','疯神狂想','1','2016-11-06 00:00:00','http://r.m.biquge5200.com/files/article/image/0/102/102s.jpg',20539489,'第一千六百九十八章盛世华章',0,0,0),(1913,3,123,'都市小说','召唤圣剑','西贝猫','0','2016-01-30 00:00:00','http://r.m.biquge5200.com/files/article/image/0/123/123s.jpg',1149555,'后记 写在完本之后',0,0,0),(1914,6,138,'科幻小说','末世重生之龙帝','天不负01','1','2016-01-30 00:00:00','http://r.m.biquge5200.com/files/article/image/0/138/138s.jpg',2160817,'第一千零一十 九章 水晶宫',0,0,0),(1915,1,118,'玄幻小说','无敌唤灵','苍天白鹤','0','2016-01-30 00:00:00','http://r.m.biquge5200.com/files/article/image/0/118/118s.jpg',1977510,'新书棋祖已经上传，新书期间，恳请支援，谢谢！',0,0,0),(1916,4,125,'历史小说','越战的血','远征士兵','0','2016-01-30 00:00:00','http://r.m.biquge5200.com/files/article/image/0/125/125s.jpg',1710423,'完本感言',0,0,0),(1917,1,119,'玄幻小说','星河大帝','梦入神机','0','2017-08-09 00:00:00','http://r.m.biquge5200.com/files/article/image/0/119/119s.jpg',10627285,'第1077章  不可思议  {大结局和感言}',0,0,0),(1918,1,156,'玄幻小说','武尊道','狗狍子','0','2016-01-30 00:00:00','http://r.m.biquge5200.com/files/article/image/0/156/156s.jpg',1689352,'完本感言',0,0,0),(1919,3,197,'都市小说','土豪系统','单纯宅男','0','2016-01-30 00:00:00','http://r.m.biquge5200.com/files/article/image/0/197/197s.jpg',1755501,'完本感言',1,1,0),(1920,3,174,'都市小说','极品小农场','名窑','1','2017-12-24 00:00:00','http://r.m.biquge5200.com/files/article/image/0/174/174s.jpg',150880480,'新书《悠闲乡村直播间》已上架求首订',1,1,0);
/*!40000 ALTER TABLE `bookinfo` ENABLE KEYS */;
UNLOCK TABLES;

--
-- Table structure for table `bookshelf`
--

DROP TABLE IF EXISTS `bookshelf`;
/*!40101 SET @saved_cs_client     = @@character_set_client */;
 SET character_set_client = utf8mb4 ;
CREATE TABLE `bookshelf` (
  `id` int(45) NOT NULL AUTO_INCREMENT,
  `userId` int(50) NOT NULL,
  `bookId` int(45) NOT NULL,
  PRIMARY KEY (`id`),
  UNIQUE KEY `id_UNIQUE` (`id`)
) ENGINE=InnoDB AUTO_INCREMENT=76 DEFAULT CHARSET=utf8;
/*!40101 SET character_set_client = @saved_cs_client */;

--
-- Dumping data for table `bookshelf`
--

LOCK TABLES `bookshelf` WRITE;
/*!40000 ALTER TABLE `bookshelf` DISABLE KEYS */;
INSERT INTO `bookshelf` VALUES (69,1019,14),(70,1019,26),(71,1019,38),(72,1019,197),(73,1019,174),(74,1019,81),(75,1019,99);
/*!40000 ALTER TABLE `bookshelf` ENABLE KEYS */;
UNLOCK TABLES;

--
-- Table structure for table `booktype`
--

DROP TABLE IF EXISTS `booktype`;
/*!40101 SET @saved_cs_client     = @@character_set_client */;
 SET character_set_client = utf8mb4 ;
CREATE TABLE `booktype` (
  `bookTypeId` int(20) NOT NULL,
  `bookTypeName` varchar(256) NOT NULL,
  PRIMARY KEY (`bookTypeId`),
  UNIQUE KEY `bookTypeId_UNIQUE` (`bookTypeId`)
) ENGINE=InnoDB DEFAULT CHARSET=utf8;
/*!40101 SET character_set_client = @saved_cs_client */;

--
-- Dumping data for table `booktype`
--

LOCK TABLES `booktype` WRITE;
/*!40000 ALTER TABLE `booktype` DISABLE KEYS */;
INSERT INTO `booktype` VALUES (1,'玄幻小说'),(2,'仙侠小说'),(3,'都市小说'),(4,'历史小说'),(5,'游戏小说'),(6,'科幻小说'),(7,'言情小说'),(8,'同人小说'),(9,'灵异小说'),(10,'奇幻小说'),(11,'竞技小说'),(12,'武侠小说'),(13,'军事小说'),(14,'校园小说'),(15,'官场小说'),(16,'商战小说'),(17,'职场小说');
/*!40000 ALTER TABLE `booktype` ENABLE KEYS */;
UNLOCK TABLES;

--
-- Table structure for table `user`
--

DROP TABLE IF EXISTS `user`;
/*!40101 SET @saved_cs_client     = @@character_set_client */;
 SET character_set_client = utf8mb4 ;
CREATE TABLE `user` (
  `userId` int(50) NOT NULL AUTO_INCREMENT,
  `nickName` varchar(15) NOT NULL,
  `passWord` varchar(45) NOT NULL,
  `userEmail` varchar(50) NOT NULL,
  `userPhone` varchar(15) NOT NULL,
  `headImg` varchar(256) DEFAULT NULL,
  `sex` varchar(10) DEFAULT '0',
  `signature` varchar(256) DEFAULT NULL,
  PRIMARY KEY (`userId`),
  UNIQUE KEY `id_UNIQUE` (`userId`),
  UNIQUE KEY `userName_UNIQUE` (`userEmail`),
  UNIQUE KEY `nickName_UNIQUE` (`nickName`),
  UNIQUE KEY `userPhone_UNIQUE` (`userPhone`),
  UNIQUE KEY `headImg_UNIQUE` (`headImg`)
) ENGINE=InnoDB AUTO_INCREMENT=1023 DEFAULT CHARSET=utf8;
/*!40101 SET character_set_client = @saved_cs_client */;

--
-- Dumping data for table `user`
--

LOCK TABLES `user` WRITE;
/*!40000 ALTER TABLE `user` DISABLE KEYS */;
INSERT INTO `user` VALUES (1000,'阿木木','1234','zky3332342053@outlook.com','12333333333','/uploads/1000.JPG','1','213123qwe111'),(1001,'木木不哭站起来撸','1234','1000@12','12332121233','/uploads/1001.png','2','蕾姆'),(1002,'1002','1234','123123@123','12312333312','/uploads/1002.jpg','1','111111312'),(1003,'1003','1234','123432@123','12312343423',NULL,'1','1234234'),(1004,'木木不哭起来撸','1234','1000@1233','12333312312','/uploads/1004.WEBP','2','肥臀'),(1005,'1111','1234','124@234','12312312322','/uploads/1005.JPG','1','最爱萌白酱'),(1007,'312123','1234','1000@123','32112333213','/uploads/1007.jpeg','1','啊啊啊啊啊啊啊'),(1008,'1008','1234','123122@321','41344545646','/uploads/1008.WEBP','2','323443'),(1009,'1224','1234','qwwe@12','11111211111','/uploads/1009.JPG','1','黑丝黑丝黑丝！！'),(1011,'白娘子','1234','124@2234','12312123111','/uploads/1011.JPG','2',''),(1012,'大奶熟妇水柔','1234','13324@2234','32131233121','/uploads/1012.JPG','2',''),(1013,'dww','1234','13324@qq','12345436756','/uploads/1013.jpeg','2',''),(1014,'dww1','1234','13324@qq1','12345431756',NULL,'0',NULL),(1016,'wdnmd','1234','zky333234205@fdsfds','12333334545','/uploads/1016.gif','2','茄子'),(1017,'wqnmlgb','1234','zky3332342053@aa.com','23423423424','/uploads/1017.png','2','雷姆'),(1019,'1019','1234','zk332342053@outlook.com','54786786785','/uploads/1019.png','2','嫂嫂');
/*!40000 ALTER TABLE `user` ENABLE KEYS */;
UNLOCK TABLES;
/*!40103 SET TIME_ZONE=@OLD_TIME_ZONE */;

/*!40101 SET SQL_MODE=@OLD_SQL_MODE */;
/*!40014 SET FOREIGN_KEY_CHECKS=@OLD_FOREIGN_KEY_CHECKS */;
/*!40014 SET UNIQUE_CHECKS=@OLD_UNIQUE_CHECKS */;
/*!40101 SET CHARACTER_SET_CLIENT=@OLD_CHARACTER_SET_CLIENT */;
/*!40101 SET CHARACTER_SET_RESULTS=@OLD_CHARACTER_SET_RESULTS */;
/*!40101 SET COLLATION_CONNECTION=@OLD_COLLATION_CONNECTION */;
/*!40111 SET SQL_NOTES=@OLD_SQL_NOTES */;

-- Dump completed on 2020-10-16  2:53:53
